,SMA
2010-01-04,30.3333
2010-01-05,30.3871
2010-01-06,30.4248
2010-01-07,30.4563
2010-01-08,30.5082
2010-01-11,30.5349
2010-01-12,30.5444
2010-01-13,30.5682
2010-01-14,30.6087
2010-01-15,30.6487
2010-01-19,30.6963
2010-01-20,30.7432
2010-01-21,30.7265
2010-01-22,30.6522
2010-01-25,30.5808
2010-01-26,30.5132
2010-01-27,30.4499
2010-01-28,30.3541
2010-01-29,30.2013
2010-02-01,30.0799
2010-02-02,29.9837
2010-02-03,29.8732
2010-02-04,29.7246
2010-02-05,29.5937
2010-02-08,29.4636
2010-02-09,29.3374
2010-02-10,29.2288
2010-02-11,29.1360
2010-02-12,29.0207
2010-02-16,28.8964
2010-02-17,28.7883
2010-02-18,28.6869
2010-02-19,28.6004
2010-02-22,28.5395
2010-02-23,28.5095
2010-02-24,28.4766
2010-02-25,28.4338
2010-02-26,28.3861
2010-03-01,28.3795
2010-03-02,28.3928
2010-03-03,28.3952
2010-03-04,28.4033
2010-03-05,28.4013
2010-03-08,28.4389
2010-03-09,28.4760
2010-03-10,28.5355
2010-03-11,28.5913
2010-03-12,28.6522
2010-03-15,28.7079
2010-03-16,28.7765
2010-03-17,28.8375
2010-03-18,28.8860
2010-03-19,28.9156
2010-03-22,28.9551
2010-03-23,29.0099
2010-03-24,29.0727
2010-03-25,29.1385
2010-03-26,29.1889
2010-03-29,29.2327
2010-03-30,29.2685
2010-03-31,29.3079
2010-04-01,29.3412
2010-04-05,29.3717
2010-04-06,29.4065
2010-04-07,29.4408
2010-04-08,29.4942
2010-04-09,29.5594
2010-04-12,29.6137
2010-04-13,29.6699
2010-04-14,29.7427
2010-04-15,29.8142
2010-04-16,29.8637
2010-04-19,29.9317
2010-04-20,30.0160
2010-04-21,30.0985
2010-04-22,30.1704
2010-04-23,30.2328
2010-04-26,30.2852
2010-04-27,30.3416
2010-04-28,30.4045
2010-04-29,30.4632
2010-04-30,30.5226
2010-05-03,30.6035
2010-05-04,30.6445
2010-05-05,30.6697
2010-05-06,30.6521
2010-05-07,30.5707
2010-05-10,30.5040
2010-05-11,30.4354
2010-05-12,30.3873
2010-05-13,30.3121
2010-05-14,30.2197
2010-05-17,30.1373
2010-05-18,30.0211
2010-05-19,29.8725
2010-05-20,29.6715
2010-05-21,29.4548
2010-05-24,29.2315
2010-05-25,28.9915
2010-05-26,28.7136
2010-05-27,28.4798
2010-05-28,28.2320
2010-06-01,28.0108
2010-06-02,27.8013
2010-06-03,27.6456
2010-06-04,27.4523
2010-06-07,27.2765
2010-06-08,27.1289
2010-06-09,26.9313
2010-06-10,26.7465
2010-06-11,26.5665
2010-06-14,26.3882
2010-06-15,26.2764
2010-06-16,26.1517
2010-06-17,26.0456
2010-06-18,25.9599
2010-06-21,25.9046
2010-06-22,25.8537
2010-06-23,25.8079
2010-06-24,25.7569
2010-06-25,25.7342
2010-06-28,25.6537
2010-06-29,25.5351
2010-06-30,25.3980
2010-07-01,25.2409
2010-07-02,25.0699
2010-07-06,24.9761
2010-07-07,24.9290
2010-07-08,24.8956
2010-07-09,24.8708
2010-07-12,24.8627
2010-07-13,24.8375
2010-07-14,24.8349
2010-07-15,24.7838
2010-07-16,24.7157
2010-07-19,24.6614
2010-07-20,24.6157
2010-07-21,24.5762
2010-07-22,24.5795
2010-07-23,24.6034
2010-07-26,24.6558
2010-07-27,24.7333
2010-07-28,24.8114
2010-07-29,24.9409
2010-07-30,25.0743
2010-08-02,25.2252
2010-08-03,25.3628
2010-08-04,25.4538
2010-08-05,25.5047
2010-08-06,25.5590
2010-08-09,25.6229
2010-08-10,25.6343
2010-08-11,25.6214
2010-08-12,25.5762
2010-08-13,25.5233
2010-08-16,25.5048
2010-08-17,25.4800
2010-08-18,25.4486
2010-08-19,25.4162
2010-08-20,25.3395
2010-08-23,25.2667
2010-08-24,25.1686
2010-08-25,25.0705
2010-08-26,24.9690
2010-08-27,24.8690
2010-08-30,24.7657
2010-08-31,24.6293
2010-09-01,24.5217
2010-09-02,24.4364
2010-09-03,24.3850
2010-09-07,24.3093
2010-09-08,24.2293
2010-09-09,24.1788
2010-09-10,24.1307
2010-09-13,24.1602
2010-09-14,24.1902
2010-09-15,24.2195
2010-09-16,24.2490
2010-09-17,24.2681
2010-09-20,24.3152
2010-09-21,24.3590
2010-09-22,24.3748
2010-09-23,24.3933
2010-09-24,24.4255
2010-09-27,24.4689
2010-09-28,24.5045
2010-09-29,24.5455
2010-09-30,24.5943
2010-10-01,24.6171
2010-10-04,24.6157
2010-10-05,24.6186
2010-10-06,24.6410
2010-10-07,24.6695
2010-10-08,24.6962
2010-10-11,24.7314
2010-10-12,24.7181
2010-10-13,24.7329
2010-10-14,24.7383
2010-10-15,24.7483
2010-10-18,24.7769
2010-10-19,24.7612
2010-10-20,24.7688
2010-10-21,24.8074
2010-10-22,24.8525
2010-10-25,24.8723
2010-10-26,24.9279
2010-10-27,24.9932
2010-10-28,25.0780
2010-10-29,25.1815
2010-11-01,25.3039
2010-11-02,25.4696
2010-11-03,25.5973
2010-11-04,25.7263
2010-11-05,25.8368
2010-11-08,25.9435
2010-11-09,26.0558
2010-11-10,26.1563
2010-11-11,26.2201
2010-11-12,26.2696
2010-11-15,26.3011
2010-11-16,26.3006
2010-11-17,26.3230
2010-11-18,26.3481
2010-11-19,26.3610
2010-11-22,26.3777
2010-11-23,26.3744
2010-11-24,26.3492
2010-11-26,26.3111
2010-11-29,26.2649
2010-11-30,26.1979
2010-12-01,26.1545
2010-12-02,26.1307
2010-12-03,26.1302
2010-12-06,26.1160
2010-12-07,26.1169
2010-12-08,26.1369
2010-12-09,26.1431
2010-12-10,26.1621
2010-12-13,26.1890
2010-12-14,26.2533
2010-12-15,26.3319
2010-12-16,26.4356
2010-12-17,26.5467
2010-12-20,26.6406
2010-12-21,26.7539
2010-12-22,26.8710
2010-12-23,27.0224
2010-12-27,27.1510
2010-12-28,27.2824
2010-12-29,27.4090
2010-12-30,27.5325
2010-12-31,27.6215
2011-01-03,27.6735
2011-01-04,27.7243
2011-01-05,27.7795
2011-01-06,27.8724
2011-01-07,27.9376
2011-01-10,27.9919
2011-01-11,28.0286
2011-01-12,28.0907
2011-01-13,28.1179
2011-01-14,28.1393
2011-01-18,28.1713
2011-01-19,28.1983
2011-01-20,28.2242
2011-01-21,28.2218
2011-01-24,28.2310
2011-01-25,28.2381
2011-01-26,28.2719
2011-01-27,28.3129
2011-01-28,28.3024
2011-01-31,28.2965
2011-02-01,28.3004
2011-02-02,28.2985
2011-02-03,28.2777
2011-02-04,28.2667
2011-02-07,28.2371
2011-02-08,28.2220
2011-02-09,28.2100
2011-02-10,28.1810
2011-02-11,28.1191
2011-02-14,28.0734
2011-02-15,28.0096
2011-02-16,27.9315
2011-02-17,27.8715
2011-02-18,27.8099
2011-02-22,27.7418
2011-02-23,27.6566
2011-02-24,27.5766
2011-02-25,27.4704
2011-02-28,27.3614
2011-03-01,27.2856
2011-03-02,27.2071
2011-03-03,27.1218
2011-03-04,27.0271
2011-03-07,26.9352
2011-03-08,26.8467
2011-03-09,26.7368
2011-03-10,26.6000
2011-03-11,26.4910
2011-03-14,26.4048
2011-03-15,26.3162
2011-03-16,26.2000
2011-03-17,26.0962
2011-03-18,25.9905
2011-03-21,25.9010
2011-03-22,25.8169
2011-03-23,25.7669
2011-03-24,25.7298
2011-03-25,25.6750
2011-03-28,25.6207
2011-03-29,25.5688
2011-03-30,25.5426
2011-03-31,25.5099
2011-04-01,25.4756
2011-04-04,25.4564
2011-04-05,25.4593
2011-04-06,25.4707
2011-04-07,25.4855
2011-04-08,25.5169
2011-04-11,25.5312
2011-04-12,25.5288
2011-04-13,25.5402
2011-04-14,25.5702
2011-04-15,25.5983
2011-04-18,25.6117
2011-04-19,25.6031
2011-04-20,25.6252
2011-04-21,25.6243
2011-04-25,25.6148
2011-04-26,25.6419
2011-04-27,25.6881
2011-04-28,25.7462
2011-04-29,25.7610
2011-05-02,25.7738
2011-05-03,25.7895
2011-05-04,25.8138
2011-05-05,25.8143
2011-05-06,25.8010
2011-05-09,25.7833
2011-05-10,25.7643
2011-05-11,25.7348
2011-05-12,25.7195
2011-05-13,25.6910
2011-05-16,25.6505
2011-05-17,25.6100
2011-05-18,25.5914
2011-05-19,25.5707
2011-05-20,25.5102
2011-05-23,25.4460
2011-05-24,25.3764
2011-05-25,25.2812
2011-05-26,25.1998
2011-05-27,25.1069
2011-05-31,25.0636
2011-06-01,25.0050
2011-06-02,24.9293
2011-06-03,24.8267
2011-06-06,24.7419
2011-06-07,24.6557
2011-06-08,24.5657
2011-06-09,24.4843
2011-06-10,24.4055
2011-06-13,24.3445
2011-06-14,24.3060
2011-06-15,24.2664
2011-06-16,24.2414
2011-06-17,24.2210
2011-06-20,24.2093
2011-06-21,24.2221
2011-06-22,24.2450
2011-06-23,24.2679
2011-06-24,24.2731
2011-06-27,24.2983
2011-06-28,24.3479
2011-06-29,24.3769
2011-06-30,24.4517
2011-07-01,24.5374
2011-07-05,24.6386
2011-07-06,24.7490
2011-07-07,24.8781
2011-07-08,25.0200
2011-07-11,25.1471
2011-07-12,25.2821
2011-07-13,25.4055
2011-07-14,25.5126
2011-07-15,25.6574
2011-07-18,25.7810
2011-07-19,25.9371
2011-07-20,26.0605
2011-07-21,26.1717
2011-07-22,26.3088
2011-07-25,26.4650
2011-07-26,26.6450
2011-07-27,26.7464
2011-07-28,26.8379
2011-07-29,26.9226
2011-08-01,26.9831
2011-08-02,27.0202
2011-08-03,27.0626
2011-08-04,27.0440
2011-08-05,26.9921
2011-08-08,26.8760
2011-08-09,26.8260
2011-08-10,26.7145
2011-08-11,26.6460
2011-08-12,26.5807
2011-08-15,26.5202
2011-08-16,26.4612
2011-08-17,26.3519
2011-08-18,26.2381
2011-08-19,26.0931
2011-08-22,25.9240
2011-08-23,25.7721
2011-08-24,25.6207
2011-08-25,25.4893
2011-08-26,25.3717
2011-08-29,25.2974
2011-08-30,25.2479
2011-08-31,25.2383
2011-09-01,25.2045
2011-09-02,25.1979
2011-09-06,25.1898
2011-09-07,25.2621
2011-09-08,25.2926
2011-09-09,25.3660
2011-09-12,25.3993
2011-09-13,25.4440
2011-09-14,25.4912
2011-09-15,25.5693
2011-09-16,25.6586
2011-09-19,25.7795
2011-09-20,25.9190
2011-09-21,26.0148
2011-09-22,26.0310
2011-09-23,26.0386
2011-09-26,26.0800
2011-09-27,26.1000
2011-09-28,26.0874
2011-09-29,26.0502
2011-09-30,25.9688
2011-10-03,25.8888
2011-10-04,25.8669
2011-10-05,25.8850
2011-10-06,25.9012
2011-10-07,25.9026
2011-10-10,25.9598
2011-10-11,26.0126
2011-10-12,26.0564
2011-10-13,26.0888
2011-10-14,26.1021
2011-10-17,26.0955
2011-10-18,26.1002
2011-10-19,26.1074
2011-10-20,26.1574
2011-10-21,26.2574
2011-10-24,26.3588
2011-10-25,26.4240
2011-10-26,26.4679
2011-10-27,26.5476
2011-10-28,26.6205
2011-10-31,26.7033
2011-11-01,26.7729
2011-11-02,26.8048
2011-11-03,26.8352
2011-11-04,26.8310
2011-11-07,26.8571
2011-11-08,26.8676
2011-11-09,26.8295
2011-11-10,26.7971
2011-11-11,26.7843
2011-11-14,26.7600
2011-11-15,26.7486
2011-11-16,26.6895
2011-11-17,26.6138
2011-11-18,26.5310
2011-11-21,26.4281
2011-11-22,26.3138
2011-11-23,26.2024
2011-11-25,26.0933
2011-11-28,25.9800
2011-11-29,25.8781
2011-11-30,25.8281
2011-12-01,25.7943
2011-12-02,25.7567
2011-12-05,25.7171
2011-12-06,25.6890
2011-12-07,25.6319
2011-12-08,25.5481
2011-12-09,25.5243
2011-12-12,25.4876
2011-12-13,25.4329
2011-12-14,25.3771
2011-12-15,25.3210
2011-12-16,25.3176
2011-12-19,25.3171
2011-12-20,25.3517
2011-12-21,25.3879
2011-12-22,25.4364
2011-12-23,25.5107
2011-12-27,25.5936
2011-12-28,25.6388
2011-12-29,25.6950
2011-12-30,25.7131
2012-01-03,25.7838
2012-01-04,25.8876
2012-01-05,25.9819
2012-01-06,26.0983
2012-01-09,26.2002
2012-01-10,26.3164
2012-01-11,26.4126
2012-01-12,26.5312
2012-01-13,26.6498
2012-01-17,26.7767
2012-01-18,26.9038
2012-01-19,27.0048
2012-01-20,27.2038
2012-01-23,27.3802
2012-01-24,27.5507
2012-01-25,27.7293
2012-01-26,27.8945
2012-01-27,28.0464
2012-01-30,28.2269
2012-01-31,28.3940
2012-02-01,28.5812
2012-02-02,28.7329
2012-02-03,28.8681
2012-02-06,28.9881
2012-02-07,29.0950
2012-02-08,29.2340
2012-02-09,29.3736
2012-02-10,29.5057
2012-02-13,29.6286
2012-02-14,29.7238
2012-02-15,29.8093
2012-02-16,29.9548
2012-02-17,30.1038
2012-02-21,30.1862
2012-02-22,30.2595
2012-02-23,30.3562
2012-02-24,30.4476
2012-02-27,30.5357
2012-02-28,30.6614
2012-02-29,30.7629
2012-03-01,30.8943
2012-03-02,30.9983
2012-03-05,31.0864
2012-03-06,31.1490
2012-03-07,31.2271
2012-03-08,31.3062
2012-03-09,31.3695
2012-03-12,31.4300
2012-03-13,31.5336
2012-03-14,31.6379
2012-03-15,31.7617
2012-03-16,31.8831
2012-03-19,31.9267
2012-03-20,31.9619
2012-03-21,31.9843
2012-03-22,32.0188
2012-03-23,32.0493
2012-03-26,32.1021
2012-03-27,32.1579
2012-03-28,32.1731
2012-03-29,32.1912
2012-03-30,32.1895
2012-04-02,32.1998
2012-04-03,32.2064
2012-04-04,32.1900
2012-04-05,32.1748
2012-04-09,32.1314
2012-04-10,32.0590
2012-04-11,31.9783
2012-04-12,31.8976
2012-04-13,31.8043
2012-04-16,31.7198
2012-04-17,31.6645
2012-04-18,31.6140
2012-04-19,31.5674
2012-04-20,31.5917
2012-04-23,31.5976
2012-04-24,31.5933
2012-04-25,31.5748
2012-04-26,31.5552
2012-04-27,31.5452
2012-04-30,31.5402
2012-05-01,31.5286
2012-05-02,31.5052
2012-05-03,31.4967
2012-05-04,31.4857
2012-05-07,31.4443
2012-05-08,31.4157
2012-05-09,31.4295
2012-05-10,31.4483
2012-05-11,31.4571
2012-05-14,31.4510
2012-05-15,31.4098
2012-05-16,31.3364
2012-05-17,31.2688
2012-05-18,31.1860
2012-05-21,31.0588
2012-05-22,30.9464
2012-05-23,30.8126
2012-05-24,30.6636
2012-05-25,30.5183
2012-05-29,30.4031
2012-05-30,30.2757
2012-05-31,30.1414
2012-06-01,29.9819
2012-06-04,29.8290
2012-06-05,29.7112
2012-06-06,29.6493
2012-06-07,29.5888
2012-06-08,29.5360
2012-06-11,29.4481
2012-06-12,29.3590
2012-06-13,29.2852
2012-06-14,29.2438
2012-06-15,29.2495
2012-06-18,29.2552
2012-06-19,29.3233
2012-06-20,29.3795
2012-06-21,29.3974
2012-06-22,29.4731
2012-06-25,29.5110
2012-06-26,29.5567
2012-06-27,29.5857
2012-06-28,29.6129
2012-06-29,29.6795
2012-07-02,29.7800
2012-07-03,29.8852
2012-07-05,29.9898
2012-07-06,30.0295
2012-07-09,30.0662
2012-07-10,30.0705
2012-07-11,30.0898
2012-07-12,30.0583
2012-07-13,30.0707
2012-07-16,30.0755
2012-07-17,30.0583
2012-07-18,30.0874
2012-07-19,30.0857
2012-07-20,30.0469
2012-07-23,30.0062
2012-07-24,29.9324
2012-07-25,29.8831
2012-07-26,29.8421
2012-07-27,29.8224
2012-07-30,29.8095
2012-07-31,29.7562
2012-08-01,29.7014
2012-08-02,29.6267
2012-08-03,29.5814
2012-08-06,29.5702
2012-08-07,29.5826
2012-08-08,29.6107
2012-08-09,29.6679
2012-08-10,29.7531
2012-08-13,29.8007
2012-08-14,29.8336
2012-08-15,29.8593
2012-08-16,29.8750
2012-08-17,29.8862
2012-08-20,29.9160
2012-08-21,29.9883
2012-08-22,30.0545
2012-08-23,30.1224
2012-08-24,30.1890
2012-08-27,30.2336
2012-08-28,30.2807
2012-08-29,30.3369
2012-08-30,30.3802
2012-08-31,30.4579
2012-09-04,30.4881
2012-09-05,30.5090
2012-09-06,30.5607
2012-09-07,30.5902
2012-09-10,30.6007
2012-09-11,30.6183
2012-09-12,30.6369
2012-09-13,30.6752
2012-09-14,30.7233
2012-09-17,30.7438
2012-09-18,30.7569
2012-09-19,30.7718
2012-09-20,30.8027
2012-09-21,30.8337
2012-09-24,30.8587
2012-09-25,30.8506
2012-09-26,30.8256
2012-09-27,30.8032
2012-09-28,30.7608
2012-10-01,30.7213
2012-10-02,30.6660
2012-10-03,30.6410
2012-10-04,30.6239
2012-10-05,30.5527
2012-10-08,30.4970
2012-10-09,30.4284
2012-10-10,30.3422
2012-10-11,30.2551
2012-10-12,30.1725
2012-10-15,30.0915
2012-10-16,30.0096
2012-10-17,29.9341
2012-10-18,29.8600
2012-10-19,29.7262
2012-10-22,29.5743
2012-10-23,29.4441
2012-10-24,29.3257
2012-10-25,29.2169
2012-10-26,29.1240
2012-10-31,29.0659
2012-11-01,29.0671
2012-11-02,29.0595
2012-11-05,29.0485
2012-11-06,29.0404
2012-11-07,29.0037
2012-11-08,28.9576
2012-11-09,28.9361
2012-11-12,28.8999
2012-11-13,28.8113
2012-11-14,28.6990
2012-11-15,28.5633
2012-11-16,28.4219
2012-11-19,28.2856
2012-11-20,28.1530
2012-11-21,28.0725
2012-11-23,28.0582
2012-11-26,28.0267
2012-11-27,27.9876
2012-11-28,27.9628
2012-11-29,27.9028
2012-11-30,27.8111
2012-12-03,27.6642
2012-12-04,27.5152
2012-12-05,27.3742
2012-12-06,27.2249
2012-12-07,27.0999
2012-12-10,27.0109
2012-12-11,26.9390
2012-12-12,26.8923
2012-12-13,26.8933
2012-12-14,26.8918
2012-12-17,26.9125
2012-12-18,26.9620
2012-12-19,26.9897
2012-12-20,27.0359
2012-12-21,27.0597
2012-12-24,27.0293
2012-12-26,27.0043
2012-12-27,26.9985
2012-12-28,26.9600
2012-12-31,26.9485
2013-01-02,26.9964
2013-01-03,27.0355
2013-01-04,27.0531
2013-01-07,27.0540
2013-01-08,27.0457
2013-01-09,27.0574
2013-01-10,27.0345
2013-01-11,27.0112
2013-01-14,26.9945
2013-01-15,26.9993
2013-01-16,27.0102
2013-01-17,27.0176
2013-01-18,27.0028
2013-01-22,26.9952
2013-01-23,26.9919
2013-01-24,27.0005
2013-01-25,27.0395
2013-01-28,27.0896
2013-01-29,27.1396
2013-01-30,27.2015
2013-01-31,27.2367
2013-02-01,27.2515
2013-02-04,27.2605
2013-02-05,27.2965
2013-02-06,27.3274
2013-02-07,27.3623
2013-02-08,27.4028
2013-02-11,27.4695
2013-02-12,27.5195
2013-02-13,27.5738
2013-02-14,27.6133
2013-02-15,27.6595
2013-02-19,27.6973
2013-02-20,27.7269
2013-02-21,27.7430
2013-02-22,27.7502
2013-02-25,27.7378
2013-02-26,27.7135
2013-02-27,27.7087
2013-02-28,27.6987
2013-03-01,27.7035
2013-03-04,27.7368
2013-03-05,27.7568
2013-03-06,27.7878
2013-03-07,27.8185
2013-03-08,27.8499
2013-03-11,27.8779
2013-03-12,27.8950
2013-03-13,27.8976
2013-03-14,27.9098
2013-03-15,27.9100
2013-03-18,27.9129
2013-03-19,27.9210
2013-03-20,27.9338
2013-03-21,27.9452
2013-03-22,27.9814
2013-03-25,28.0005
2013-03-26,28.0379
2013-03-27,28.0855
2013-03-28,28.1233
2013-04-01,28.1619
2013-04-02,28.2024
2013-04-03,28.2219
2013-04-04,28.2336
2013-04-05,28.2626
2013-04-08,28.2840
2013-04-09,28.3607
2013-04-10,28.4755
2013-04-11,28.5243
2013-04-12,28.5660
2013-04-15,28.5924
2013-04-16,28.6369
2013-04-17,28.6714
2013-04-18,28.7005
2013-04-19,28.7695
2013-04-22,28.8976
2013-04-23,29.0095
2013-04-24,29.1810
2013-04-25,29.3612
2013-04-26,29.5240
2013-04-29,29.7148
2013-04-30,29.9286
2013-05-01,30.1152
2013-05-02,30.3343
2013-05-03,30.5674
2013-05-06,30.8079
2013-05-07,31.0326
2013-05-08,31.1936
2013-05-09,31.3069
2013-05-10,31.4857
2013-05-13,31.6876
2013-05-14,31.9181
2013-05-15,32.1502
2013-05-16,32.4005
2013-05-17,32.6900
2013-05-20,32.9431
2013-05-21,33.1360
2013-05-22,33.3269
2013-05-23,33.4407
2013-05-24,33.5516
2013-05-28,33.7054
2013-05-29,33.8135
2013-05-30,33.9054
2013-05-31,34.0092
2013-06-03,34.1250
2013-06-04,34.1964
2013-06-05,34.2454
2013-06-06,34.3240
2013-06-07,34.4516
2013-06-10,34.5854
2013-06-11,34.6878
2013-06-12,34.7816
2013-06-13,34.8380
2013-06-14,34.8645
2013-06-17,34.9083
2013-06-18,34.9135
2013-06-19,34.8902
2013-06-20,34.8254
2013-06-21,34.7614
2013-06-24,34.7407
2013-06-25,34.7121
2013-06-26,34.6802
2013-06-27,34.6679
2013-06-28,34.6448
2013-07-01,34.6190
2013-07-02,34.5405
2013-07-03,34.4938
2013-07-05,34.4667
2013-07-08,34.4364
2013-07-09,34.3736
2013-07-10,34.3369
2013-07-11,34.3771
2013-07-12,34.4090
2013-07-15,34.4783
2013-07-16,34.5674
2013-07-17,34.6026
2013-07-18,34.6245
2013-07-19,34.4726
2013-07-22,34.4021
2013-07-23,34.3333
2013-07-24,34.2498
2013-07-25,34.1412
2013-07-26,34.0112
2013-07-29,33.8645
2013-07-30,33.7362
2013-07-31,33.6162
2013-08-01,33.5081
2013-08-02,33.4071
2013-08-05,33.2876
2013-08-06,33.1569
2013-08-07,33.0480
2013-08-08,32.9618
2013-08-09,32.8197
2013-08-12,32.6863
2013-08-13,32.4987
2013-08-14,32.3120
2013-08-15,32.1240
2013-08-16,31.9506
2013-08-19,31.9503
2013-08-20,31.9317
2013-08-21,31.9217
2013-08-22,31.9422
2013-08-23,32.1022
2013-08-26,32.2227
2013-08-27,32.3046
2013-08-28,32.3603
2013-08-29,32.4417
2013-08-30,32.5241
2013-09-03,32.5236
2013-09-04,32.4996
2013-09-05,32.4831
2013-09-06,32.4398
2013-09-09,32.3810
2013-09-10,32.3662
2013-09-11,32.3600
2013-09-12,32.3819
2013-09-13,32.4143
2013-09-16,32.4624
2013-09-17,32.5162
2013-09-18,32.6080
2013-09-19,32.7042
2013-09-20,32.7604
2013-09-23,32.7771
2013-09-24,32.6678
2013-09-25,32.5895
2013-09-26,32.5661
2013-09-27,32.5780
2013-09-30,32.5652
2013-10-01,32.5738
2013-10-02,32.6709
2013-10-03,32.7978
2013-10-04,32.9238
2013-10-07,33.0260
2013-10-08,33.0906
2013-10-09,33.1230
2013-10-10,33.1715
2013-10-11,33.2401
2013-10-14,33.3077
2013-10-15,33.3881
2013-10-16,33.4696
2013-10-17,33.5458
2013-10-18,33.6086
2013-10-21,33.7133
2013-10-22,33.8010
2013-10-23,33.8631
2013-10-24,33.9210
2013-10-25,34.0619
2013-10-28,34.1714
2013-10-29,34.2781
2013-10-30,34.3714
2013-10-31,34.4421
2013-11-01,34.5214
2013-11-04,34.6195
2013-11-05,34.7786
2013-11-06,35.0248
2013-11-07,35.2357
2013-11-08,35.4271
2013-11-11,35.5919
2013-11-12,35.7305
2013-11-13,35.9050
2013-11-14,36.0660
2013-11-15,36.2051
2013-11-18,36.3118
2013-11-19,36.3951
2013-11-20,36.5141
2013-11-21,36.6875
2013-11-22,36.8708
2013-11-25,36.9618
2013-11-26,37.0465
2013-11-27,37.1456
2013-11-29,37.2689
2013-12-02,37.4139
2013-12-03,37.5465
2013-12-04,37.6894
2013-12-05,37.7541
2013-12-06,37.7627
2013-12-09,37.8201
2013-12-10,37.8358
2013-12-11,37.8368
2013-12-12,37.8301
2013-12-13,37.7603
2013-12-16,37.7062
2013-12-17,37.6433
2013-12-18,37.6138
2013-12-19,37.5905
2013-12-20,37.5771
2013-12-23,37.5400
2013-12-24,37.5167
2013-12-26,37.5071
2013-12-27,37.5043
2013-12-30,37.4895
2013-12-31,37.4552
2014-01-02,37.3938
2014-01-03,37.3271
2014-01-06,37.1933
2014-01-07,37.1176
2014-01-08,36.9938
2014-01-09,36.8426
2014-01-10,36.7440
2014-01-13,36.6188
2014-01-14,36.5502
2014-01-15,36.5536
2014-01-16,36.5538
2014-01-17,36.5471
2014-01-21,36.5276
2014-01-22,36.5124
2014-01-23,36.4769
2014-01-24,36.4857
2014-01-27,36.4357
2014-01-28,36.3800
2014-01-29,36.3500
2014-01-30,36.3295
2014-01-31,36.3500
2014-02-03,36.3176
2014-02-04,36.2910
2014-02-05,36.2762
2014-02-06,36.2652
2014-02-07,36.3033
2014-02-10,36.3638
2014-02-11,36.4179
2014-02-12,36.5364
2014-02-13,36.6236
2014-02-14,36.6645
2014-02-18,36.6898
2014-02-19,36.7436
2014-02-20,36.8188
2014-02-21,36.9164
2014-02-24,36.9943
2014-02-25,37.0293
2014-02-26,37.0979
2014-02-27,37.1736
2014-02-28,37.2521
2014-03-03,37.2960
2014-03-04,37.3231
2014-03-05,37.4007
2014-03-06,37.4864
2014-03-07,37.5855
2014-03-10,37.6636
2014-03-11,37.7331
2014-03-12,37.8031
2014-03-13,37.8371
2014-03-14,37.8481
2014-03-17,37.8690
2014-03-18,37.9610
2014-03-19,38.0490
2014-03-20,38.1833
2014-03-21,38.2981
2014-03-24,38.4181
2014-03-25,38.5443
2014-03-26,38.6514
2014-03-27,38.7414
2014-03-28,38.8576
2014-03-31,38.9852
2014-04-01,39.1586
2014-04-02,39.2986
2014-04-03,39.4367
2014-04-04,39.5186
2014-04-07,39.6090
2014-04-08,39.7043
2014-04-09,39.8210
2014-04-10,39.8729
2014-04-11,39.9357
2014-04-14,40.0061
2014-04-15,40.0871
2014-04-16,40.1276
2014-04-17,40.1628
2014-04-21,40.1442
2014-04-22,40.1361
2014-04-23,40.0976
2014-04-24,40.0747
2014-04-25,40.0804
2014-04-28,40.1523
2014-04-29,40.1623
2014-04-30,40.1342
2014-05-01,40.0666
2014-05-02,39.9876
2014-05-05,39.9123
2014-05-06,39.8738
2014-05-07,39.8559
2014-05-08,39.8473
2014-05-09,39.8030
2014-05-12,39.8321
2014-05-13,39.8898
2014-05-14,39.9402
2014-05-15,39.9331
2014-05-16,39.9060
2014-05-19,39.8936
2014-05-20,39.8812
2014-05-21,39.8983
2014-05-22,39.9179
2014-05-23,39.9302
2014-05-27,39.9436
2014-05-28,39.9026
2014-05-29,39.8945
2014-05-30,39.9202
2014-06-02,39.9579
2014-06-03,39.9864
2014-06-04,40.0288
2014-06-05,40.1312
2014-06-06,40.2290
2014-06-09,40.3067
2014-06-10,40.3814
2014-06-11,40.4238
2014-06-12,40.4314
2014-06-13,40.4786
2014-06-16,40.5690
2014-06-17,40.6571
2014-06-18,40.7476
2014-06-19,40.8348
2014-06-20,40.8981
2014-06-23,40.9881
2014-06-24,41.0655
2014-06-25,41.1531
2014-06-26,41.2345
2014-06-27,41.3255
2014-06-30,41.3617
2014-07-01,41.4131
2014-07-02,41.4898
2014-07-03,41.5602
2014-07-07,41.5974
2014-07-08,41.6117
2014-07-09,41.6307
2014-07-10,41.6581
2014-07-11,41.7167
2014-07-14,41.7910
2014-07-15,41.8490
2014-07-16,41.9719
2014-07-17,42.1076
2014-07-18,42.2524
2014-07-21,42.4107
2014-07-22,42.5607
2014-07-23,42.6979
2014-07-24,42.8243
2014-07-25,42.9419
2014-07-28,43.0490
2014-07-29,43.1269
2014-07-30,43.2164
2014-07-31,43.2778
2014-08-01,43.3235
2014-08-04,43.3983
2014-08-05,43.4502
2014-08-06,43.4959
2014-08-07,43.5702
2014-08-08,43.6423
2014-08-11,43.6952
2014-08-12,43.7609
2014-08-13,43.8385
2014-08-14,43.8475
2014-08-15,43.8599
2014-08-18,43.8799
2014-08-19,43.9035
2014-08-20,43.9092
2014-08-21,43.9259
2014-08-22,43.9616
2014-08-25,43.9935
2014-08-26,44.0428
2014-08-27,44.0897
2014-08-28,44.1517
2014-08-29,44.2598
2014-09-02,44.3660
2014-09-03,44.4417
2014-09-04,44.5455
2014-09-05,44.6964
2014-09-08,44.8507
2014-09-09,45.0202
2014-09-10,45.1936
2014-09-11,45.3593
2014-09-12,45.4838
2014-09-15,45.5776
2014-09-16,45.6714
2014-09-17,45.7386
2014-09-18,45.8029
2014-09-19,45.9252
2014-09-22,46.0129
2014-09-23,46.0800
2014-09-24,46.1710
2014-09-25,46.2202
2014-09-26,46.2936
2014-09-29,46.3679
2014-09-30,46.4121
2014-10-01,46.4507
2014-10-02,46.4888
2014-10-03,46.5283
2014-10-06,46.5369
2014-10-07,46.4921
2014-10-08,46.4931
2014-10-09,46.4460
2014-10-10,46.3045
2014-10-13,46.1595
2014-10-14,46.0400
2014-10-15,45.8714
2014-10-16,45.6914
2014-10-17,45.5462
2014-10-20,45.3824
2014-10-21,45.2786
2014-10-22,45.1748
2014-10-23,45.0767
2014-10-24,45.0810
2014-10-27,45.0571
2014-10-28,45.0595
2014-10-29,45.0719
2014-10-30,45.0790
2014-10-31,45.1357
2014-11-03,45.2000
2014-11-04,45.2705
2014-11-05,45.3814
2014-11-06,45.4729
2014-11-07,45.6076
2014-11-10,45.8390
2014-11-11,46.0876
2014-11-12,46.3281
2014-11-13,46.6324
2014-11-14,46.9581
2014-11-17,47.2357
2014-11-18,47.4576
2014-11-19,47.6167
2014-11-20,47.8224
2014-11-21,47.9633
2014-11-24,48.0329
2014-11-25,48.1071
2014-11-26,48.1671
2014-11-28,48.2238
2014-12-01,48.3462
2014-12-02,48.4181
2014-12-03,48.4486
2014-12-04,48.5090
2014-12-05,48.5357
2014-12-08,48.4879
2014-12-09,48.4360
2014-12-10,48.3412
2014-12-11,48.2602
2014-12-12,48.1731
2014-12-15,48.0331
2014-12-16,47.8226
2014-12-17,47.6455
2014-12-18,47.5874
2014-12-19,47.5607
2014-12-22,47.5264
2014-12-23,47.5488
2014-12-24,47.5750
2014-12-26,47.5945
2014-12-29,47.5802
2014-12-30,47.5426
2014-12-31,47.4393
2015-01-02,47.3583
2015-01-05,47.2748
2015-01-06,47.1229
2015-01-07,47.0186
2015-01-08,47.0136
2015-01-09,46.9945
2015-01-12,46.9802
2015-01-13,46.9414
2015-01-14,46.8940
2015-01-15,46.8374
2015-01-16,46.8888
2015-01-20,46.9198
2015-01-21,46.8436
2015-01-22,46.8183
2015-01-23,46.7802
2015-01-26,46.7117
2015-01-27,46.4507
2015-01-28,46.1321
2015-01-29,45.8731
2015-01-30,45.5579
2015-02-02,45.3117
2015-02-03,45.0660
2015-02-04,44.8524
2015-02-05,44.7000
2015-02-06,44.5181
2015-02-09,44.2690
2015-02-10,44.0505
2015-02-11,43.8495
2015-02-12,43.6940
2015-02-13,43.5948
2015-02-17,43.5043
2015-02-18,43.3752
2015-02-19,43.2376
2015-02-20,43.1393
2015-02-23,42.9974
2015-02-24,42.8502
2015-02-25,42.7064
2015-02-26,42.7729
2015-02-27,42.8995
2015-03-02,42.9886
2015-03-03,43.1257
2015-03-04,43.2102
2015-03-05,43.2821
2015-03-06,43.3069
2015-03-09,43.3260
2015-03-10,43.3079
2015-03-11,43.2898
2015-03-12,43.2145
2015-03-13,43.1669
2015-03-16,43.0940
2015-03-17,42.9905
2015-03-18,42.9390
2015-03-19,42.8798
2015-03-20,42.8502
2015-03-23,42.8026
2015-03-24,42.7431
2015-03-25,42.6179
2015-03-26,42.4855
2015-03-27,42.3386
2015-03-30,42.2010
2015-03-31,42.0474
2015-04-01,41.9255
2015-04-02,41.7938
2015-04-06,41.7193
2015-04-07,41.6798
2015-04-08,41.6117
2015-04-09,41.5855
2015-04-10,41.5731
2015-04-13,41.6083
2015-04-14,41.6212
2015-04-15,41.6543
2015-04-16,41.6764
2015-04-17,41.6343
2015-04-20,41.6638
2015-04-21,41.6521
2015-04-22,41.6583
2015-04-23,41.6793
2015-04-24,41.9845
2015-04-27,42.3093
2015-04-28,42.6990
2015-04-29,43.0848
2015-04-30,43.4650
2015-05-01,43.8429
2015-05-04,44.2214
2015-05-05,44.5098
2015-05-06,44.7360
2015-05-07,44.9874
2015-05-08,45.2860
2015-05-11,45.5550
2015-05-12,45.8212
2015-05-13,46.1057
2015-05-14,46.4136
2015-05-15,46.7057
2015-05-18,47.0102
2015-05-19,47.2329
2015-05-20,47.4683
2015-05-21,47.6795
2015-05-22,47.8490
2015-05-26,47.7881
2015-05-27,47.7681
2015-05-28,47.6869
2015-05-29,47.5821
2015-06-01,47.5150
2015-06-02,47.4324
2015-06-03,47.3662
2015-06-04,47.3071
2015-06-05,47.3005
2015-06-08,47.2543
2015-06-09,47.1543
2015-06-10,47.1181
2015-06-11,47.0748
2015-06-12,46.9960
2015-06-15,46.8414
2015-06-16,46.7240
2015-06-17,46.6269
2015-06-18,46.5860
2015-06-19,46.5155
2015-06-22,46.4588
2015-06-23,46.4117
2015-06-24,46.3662
2015-06-25,46.2729
2015-06-26,46.1686
2015-06-29,46.0500
2015-06-30,45.9033
2015-07-01,45.7855
2015-07-02,45.6688
2015-07-06,45.5750
2015-07-07,45.4874
2015-07-08,45.4164
2015-07-09,45.3626
2015-07-10,45.2674
2015-07-13,45.2245
2015-07-14,45.2079
2015-07-15,45.2214
2015-07-16,45.2610
2015-07-17,45.2919
2015-07-20,45.3014
2015-07-21,45.3576
2015-07-22,45.3248
2015-07-23,45.3343
2015-07-24,45.3488
2015-07-27,45.3345
2015-07-28,45.3383
2015-07-29,45.4298
2015-07-30,45.5598
2015-07-31,45.6671
2015-08-03,45.7819
2015-08-04,45.9319
2015-08-05,46.0881
2015-08-06,46.2014
2015-08-07,46.3071
2015-08-10,46.4367
2015-08-11,46.4781
2015-08-12,46.5314
2015-08-13,46.5776
2015-08-14,46.5938
2015-08-17,46.6271
2015-08-18,46.6438
2015-08-19,46.6119
2015-08-20,46.6176
2015-08-21,46.4729
2015-08-24,46.2700
2015-08-25,46.0376
2015-08-26,45.9124
2015-08-27,45.7986
2015-08-28,45.6581
2015-08-31,45.5067
2015-09-01,45.2690
2015-09-02,45.0700
2015-09-03,44.8757
2015-09-04,44.6848
2015-09-08,44.5490
2015-09-09,44.3462
2015-09-10,44.1976
2015-09-11,44.0424
2015-09-14,43.8667
2015-09-15,43.7229
2015-09-16,43.5790
2015-09-17,43.4352
2015-09-18,43.2862
2015-09-21,43.2124
2015-09-22,43.2519
2015-09-23,43.3562
2015-09-24,43.5200
2015-09-25,43.5786
2015-09-28,43.5495
2015-09-29,43.5262
2015-09-30,43.5614
2015-10-01,43.6943
2015-10-02,43.7995
2015-10-05,43.9486
2015-10-06,44.1457
2015-10-07,44.2843
2015-10-08,44.4929
2015-10-09,44.6748
2015-10-12,44.8424
2015-10-13,45.0257
2015-10-14,45.1543
2015-10-15,45.2833
2015-10-16,45.4386
2015-10-19,45.6357
2015-10-20,45.8100
2015-10-21,45.9671
2015-10-22,46.1652
2015-10-23,46.5919
2015-10-26,47.0829
2015-10-27,47.5781
2015-10-28,48.0800
2015-10-29,48.5133
2015-10-30,48.8957
2015-11-02,49.2610
2015-11-03,49.6190
2015-11-04,49.9833
2015-11-05,50.3443
2015-11-06,50.7000
2015-11-09,51.0357
2015-11-10,51.3457
2015-11-11,51.6676
2015-11-12,51.9838
2015-11-13,52.2614
2015-11-16,52.5593
2015-11-17,52.8140
2015-11-18,53.1036
2015-11-19,53.4245
2015-11-20,53.7179
2015-11-23,53.7807
2015-11-24,53.7807
2015-11-25,53.7807
2015-11-27,53.7783
2015-11-30,53.8255
2015-12-01,53.9483
2015-12-02,54.0421
2015-12-03,54.0445
2015-12-04,54.1164
2015-12-07,54.1845
2015-12-08,54.2260
2015-12-09,54.2650
2015-12-10,54.3488
2015-12-11,54.3683
2015-12-14,54.4550
2015-12-15,54.5674
2015-12-16,54.6800
2015-12-17,54.8100
2015-12-18,54.8233
2015-12-21,54.8657
2015-12-22,54.9210
2015-12-23,54.9986
2015-12-24,55.0662
2015-12-28,55.1738
2015-12-29,55.2986
2015-12-30,55.3919
2015-12-31,55.4043
2016-01-04,55.3848
2016-01-05,55.4252
2016-01-06,55.3367
2016-01-07,55.1633
2016-01-08,54.9986
2016-01-11,54.8710
2016-01-12,54.7524
2016-01-13,54.6371
2016-01-14,54.5405
2016-01-15,54.3400
2016-01-19,54.0748
2016-01-20,53.8410
2016-01-21,53.6671
2016-01-22,53.5462
2016-01-25,53.3767
2016-01-26,53.2029
2016-01-27,52.9910
2016-01-28,52.8055
2016-01-29,52.7360
2016-02-01,52.6598
2016-02-02,52.5417
2016-02-03,52.4160
2016-02-04,52.2707
2016-02-05,52.0855
2016-02-08,51.9540
2016-02-09,51.8088
2016-02-10,51.6855
2016-02-11,51.5383
2016-02-12,51.4840
2016-02-16,51.3879
2016-02-17,51.4560
2016-02-18,51.5336
2016-02-19,51.5826
2016-02-22,51.6860
2016-02-23,51.6331
2016-02-24,51.6126
2016-02-25,51.6093
2016-02-26,51.6131
2016-02-29,51.5571
2016-03-01,51.4376
2016-03-02,51.3538
2016-03-03,51.3229
2016-03-04,51.3167
2016-03-07,51.2705
2016-03-08,51.3414
2016-03-09,51.5048
2016-03-10,51.6367
2016-03-11,51.7967
2016-03-14,51.9624
2016-03-15,52.1095
2016-03-16,52.2648
2016-03-17,52.3714
2016-03-18,52.4333
2016-03-21,52.5305
2016-03-22,52.5981
2016-03-23,52.7310
2016-03-24,52.8667
2016-03-28,52.9352
2016-03-29,53.0976
2016-03-30,53.2962
2016-03-31,53.4224
2016-04-01,53.5471
2016-04-04,53.6938
2016-04-05,53.8143
2016-04-06,54.0090
2016-04-07,54.1429
2016-04-08,54.2181
2016-04-11,54.3257
2016-04-12,54.4010
2016-04-13,54.5048
2016-04-14,54.5890
2016-04-15,54.6510
2016-04-18,54.7367
2016-04-19,54.8748
2016-04-20,54.9571
2016-04-21,55.0386
2016-04-22,54.9343
2016-04-25,54.8343
2016-04-26,54.7343
2016-04-27,54.5548
2016-04-28,54.3095
2016-04-29,54.0543
2016-05-02,53.8181
2016-05-03,53.5490
2016-05-04,53.3257
2016-05-05,53.0790
2016-05-06,52.8852
2016-05-09,52.6781
2016-05-10,52.5214
2016-05-11,52.3500
2016-05-12,52.1671
2016-05-13,51.9633
2016-05-16,51.7814
2016-05-17,51.4981
2016-05-18,51.2324
2016-05-19,50.9814
2016-05-20,50.7357
2016-05-23,50.6524
2016-05-24,50.6276
2016-05-25,50.6600
2016-05-26,50.7052
2016-05-27,50.8205
2016-05-31,50.9695
2016-06-01,51.0762
2016-06-02,51.2048
2016-06-03,51.2962
2016-06-06,51.4005
2016-06-07,51.4819
2016-06-08,51.5757
2016-06-09,51.6043
2016-06-10,51.6248
2016-06-13,51.5595
2016-06-14,51.5000
2016-06-15,51.3981
2016-06-16,51.3924
2016-06-17,51.3600
2016-06-20,51.3481
2016-06-21,51.3752
2016-06-22,51.4210
2016-06-23,51.4362
2016-06-24,51.3271
2016-06-27,51.1624
2016-06-28,51.0252
2016-06-29,50.9081
2016-06-30,50.8281
2016-07-01,50.7652
2016-07-05,50.7357
2016-07-06,50.7000
2016-07-07,50.6657
2016-07-08,50.6781
2016-07-11,50.7243
2016-07-12,50.8067
2016-07-13,50.9671
2016-07-14,51.1533
2016-07-15,51.3443
2016-07-18,51.5143
2016-07-19,51.6552
2016-07-20,51.9333
2016-07-21,52.1529
2016-07-22,52.4186
2016-07-25,52.6481
2016-07-26,52.9781
2016-07-27,53.3476
2016-07-28,53.6700
2016-07-29,53.9624
2016-08-01,54.2200
2016-08-02,54.4781
2016-08-03,54.7543
2016-08-04,55.0405
2016-08-05,55.3538
2016-08-08,55.6281
2016-08-09,55.8952
2016-08-10,56.1243
2016-08-11,56.3524
2016-08-12,56.5524
2016-08-15,56.7629
2016-08-16,56.9286
2016-08-17,57.1414
2016-08-18,57.2219
2016-08-19,57.3086
2016-08-22,57.3610
2016-08-23,57.4162
2016-08-24,57.4729
2016-08-25,57.5671
2016-08-26,57.6538
2016-08-29,57.7214
2016-08-30,57.7838
2016-08-31,57.8257
2016-09-01,57.8552
2016-09-02,57.8686
2016-09-06,57.8519
2016-09-07,57.8329
2016-09-08,57.7962
2016-09-09,57.7100
2016-09-12,57.6505
2016-09-13,57.5833
2016-09-14,57.4948
2016-09-15,57.4829
2016-09-16,57.4681
2016-09-19,57.4362
2016-09-20,57.3976
2016-09-21,57.4019
2016-09-22,57.3986
2016-09-23,57.3738
2016-09-26,57.3133
2016-09-27,57.3095
2016-09-28,57.3062
2016-09-29,57.2829
2016-09-30,57.2895
2016-10-03,57.2814
2016-10-04,57.2610
2016-10-05,57.2624
2016-10-06,57.2662
2016-10-07,57.2838
2016-10-10,57.3710
2016-10-11,57.3776
2016-10-12,57.4052
2016-10-13,57.4367
2016-10-14,57.4476
2016-10-17,57.4462
2016-10-18,57.4810
2016-10-19,57.5152
2016-10-20,57.4910
2016-10-21,57.5786
2016-10-24,57.7486
2016-10-25,57.9433
2016-10-26,58.0710
2016-10-27,58.1695
2016-10-28,58.2871
2016-10-31,58.3976
2016-11-01,58.5110
2016-11-02,58.6152
2016-11-03,58.6900
2016-11-04,58.7362
2016-11-07,58.8610
2016-11-08,58.9767
2016-11-09,59.1186
2016-11-10,59.1943
2016-11-11,59.2943
2016-11-14,59.3276
2016-11-15,59.4062
2016-11-16,59.5010
2016-11-17,59.6490
2016-11-18,59.7967
2016-11-21,59.8538
2016-11-22,59.8595
2016-11-23,59.8314
2016-11-25,59.8267
2016-11-28,59.8510
2016-11-29,59.9090
2016-11-30,59.9252
2016-12-01,59.8967
2016-12-02,59.8881
2016-12-05,59.9362
2016-12-06,59.9952
2016-12-07,60.0405
2016-12-08,60.0662
2016-12-09,60.1519
2016-12-12,60.3171
2016-12-13,60.5057
2016-12-14,60.7229
2016-12-15,60.8995
2016-12-16,61.0257
2016-12-19,61.1676
2016-12-20,61.3195
2016-12-21,61.4471
2016-12-22,61.5629
2016-12-23,61.6981
2016-12-27,61.8290
2016-12-28,61.9424
2016-12-29,62.0286
2016-12-30,62.1181
2017-01-03,62.2790
2017-01-04,62.4243
2017-01-05,62.5233
2017-01-06,62.6610
2017-01-09,62.7214
2017-01-10,62.7981
2017-01-11,62.8562
2017-01-12,62.8771
2017-01-13,62.8638
2017-01-17,62.8567
2017-01-18,62.8529
2017-01-19,62.8529
2017-01-20,62.8110
2017-01-23,62.7833
2017-01-24,62.7824
2017-01-25,62.7886
2017-01-26,62.8376
2017-01-27,62.9567
2017-01-30,63.0586
2017-01-31,63.1419
2017-02-01,63.2105
2017-02-02,63.2386
2017-02-03,63.3043
2017-02-06,63.3681
2017-02-07,63.3962
2017-02-08,63.4295
2017-02-09,63.4981
2017-02-10,63.5367
2017-02-13,63.6371
2017-02-14,63.7262
2017-02-15,63.8214
2017-02-16,63.9176
2017-02-17,64.0281
2017-02-21,64.1114
2017-02-22,64.1781
2017-02-23,64.2305
2017-02-24,64.2752
2017-02-27,64.2733
2017-02-28,64.1876
2017-03-01,64.1786
2017-03-02,64.1481
2017-03-03,64.1800
2017-03-06,64.2324
2017-03-07,64.2667
2017-03-08,64.3310
2017-03-09,64.3929
2017-03-10,64.4686
2017-03-13,64.4995
2017-03-14,64.5190
2017-03-15,64.5205
2017-03-16,64.5238
2017-03-17,64.5400
2017-03-20,64.5595
2017-03-21,64.5400
2017-03-22,64.5657
2017-03-23,64.5900
2017-03-24,64.6071
2017-03-27,64.6300
2017-03-28,64.6805
2017-03-29,64.7514
2017-03-30,64.7881
2017-03-31,64.8762
2017-04-03,64.9381
2017-04-04,65.0076
2017-04-05,65.0629
2017-04-06,65.0981
2017-04-07,65.1433
2017-04-10,65.1719
2017-04-11,65.2086
2017-04-12,65.2476
2017-04-13,65.2571
2017-04-17,65.2971
2017-04-18,65.3219
2017-04-19,65.3271
2017-04-20,65.3886
2017-04-21,65.4538
2017-04-24,65.5805
2017-04-25,65.7205
2017-04-26,65.8505
2017-04-27,65.9924
2017-04-28,66.1348
2017-05-01,66.3110
2017-05-02,66.4748
2017-05-03,66.6429
2017-05-04,66.7895
2017-05-05,66.9533
2017-05-08,67.1062
2017-05-09,67.2662
2017-05-10,67.4462
2017-05-11,67.5881
2017-05-12,67.7381
2017-05-15,67.9038
2017-05-16,68.0910
2017-05-17,68.1905
2017-05-18,68.3176
2017-05-19,68.4219
2017-05-22,68.5195
2017-05-23,68.5743
2017-05-24,68.6148
2017-05-25,68.7000
2017-05-26,68.7805
2017-05-30,68.8733
2017-05-31,68.8938
2017-06-01,68.9319
2017-06-02,69.0595
2017-06-05,69.2248
2017-06-06,69.3924
2017-06-07,69.5567
2017-06-08,69.6952
2017-06-09,69.7433
2017-06-12,69.8062
2017-06-13,69.9143
2017-06-14,70.0019
2017-06-15,70.0252
2017-06-16,70.1452
2017-06-19,70.2957
2017-06-20,70.4014
2017-06-21,70.4881
2017-06-22,70.5633
2017-06-23,70.6795
2017-06-26,70.7229
2017-06-27,70.6871
2017-06-28,70.6581
2017-06-29,70.5938
2017-06-30,70.5381
2017-07-03,70.3671
2017-07-05,70.2148
2017-07-06,70.0267
2017-07-07,69.8871
2017-07-10,69.7933
2017-07-11,69.7776
2017-07-12,69.8429
2017-07-13,69.8962
2017-07-14,70.0157
2017-07-17,70.1800
2017-07-18,70.3371
2017-07-19,70.4795
2017-07-20,70.6848
2017-07-21,70.8524
2017-07-24,71.0114
2017-07-25,71.1533
2017-07-26,71.3210
2017-07-27,71.5090
2017-07-28,71.6633
2017-07-31,71.8638
2017-08-01,72.0376
2017-08-02,72.2324
2017-08-03,72.3786
2017-08-04,72.5743
2017-08-07,72.7143
2017-08-08,72.8481
2017-08-09,72.9662
2017-08-10,72.9786
2017-08-11,73.0133
2017-08-14,73.0519
2017-08-15,73.0457
2017-08-16,73.0624
2017-08-17,72.9929
2017-08-18,72.9105
2017-08-21,72.8324
2017-08-22,72.8114
2017-08-23,72.7414
2017-08-24,72.6767
2017-08-25,72.6605
2017-08-28,72.6505
2017-08-29,72.6671
2017-08-30,72.7352
2017-08-31,72.8548
2017-09-01,72.9400
2017-09-05,72.9843
2017-09-06,73.0319
2017-09-07,73.1057
2017-09-08,73.1776
2017-09-11,73.3371
2017-09-12,73.4410
2017-09-13,73.5181
2017-09-14,73.5919
2017-09-15,73.6710
2017-09-18,73.8024
2017-09-19,73.9429
2017-09-20,74.0757
2017-09-21,74.1257
2017-09-22,74.2062
2017-09-25,74.2333
2017-09-26,74.2543
2017-09-27,74.3029
2017-09-28,74.3419
2017-09-29,74.3648
2017-10-02,74.3571
2017-10-03,74.3724
2017-10-04,74.4238
2017-10-05,74.5462
2017-10-06,74.6252
2017-10-09,74.7352
2017-10-10,74.8081
2017-10-11,74.8910
2017-10-12,74.9819
2017-10-13,75.1114
2017-10-16,75.2229
2017-10-17,75.3386
2017-10-18,75.4419
2017-10-19,75.5833
2017-10-20,75.8024
2017-10-23,76.0129
2017-10-24,76.2795
2017-10-25,76.5352
2017-10-26,76.7690
2017-10-27,77.2424
2017-10-30,77.6900
2017-10-31,78.0981
2017-11-01,78.5229
2017-11-02,78.9686
2017-11-03,79.3576
2017-11-06,79.7610
2017-11-07,80.1410
2017-11-08,80.5348
2017-11-09,80.9000
2017-11-10,81.2214
2017-11-13,81.5281
2017-11-14,81.8329
2017-11-15,82.0895
2017-11-16,82.3557
2017-11-17,82.5695
2017-11-20,82.7467
2017-11-21,82.9795
2017-11-22,83.1819
2017-11-24,83.4024
2017-11-27,83.6457
2017-11-28,83.6967
2017-11-29,83.6705
2017-11-30,83.7176
2017-12-01,83.7690
2017-12-04,83.6276
2017-12-05,83.5062
2017-12-06,83.4257
2017-12-07,83.3410
2017-12-08,83.3219
2017-12-11,83.3762
2017-12-12,83.4576
2017-12-13,83.5252
2017-12-14,83.5557
2017-12-15,83.7400
2017-12-18,83.8914
2017-12-19,84.0548
2017-12-20,84.1971
2017-12-21,84.2819
2017-12-22,84.3962
2017-12-26,84.4981
2017-12-27,84.5857
2017-12-28,84.6257
2017-12-29,84.7305
2018-01-02,84.8152
2018-01-03,84.9148
2018-01-04,85.2019
2018-01-05,85.5162
2018-01-08,85.7781
2018-01-09,86.0510
2018-01-10,86.2252
2018-01-11,86.3610
2018-01-12,86.5524
2018-01-16,86.6952
2018-01-17,86.9548
2018-01-18,87.1095
2018-01-19,87.2819
2018-01-22,87.5571
2018-01-23,87.8610
2018-01-24,88.1619
2018-01-25,88.4867
2018-01-26,88.8990
2018-01-29,89.2900
2018-01-30,89.6243
2018-01-31,90.0752
2018-02-01,90.4710
2018-02-02,90.7295
2018-02-05,90.7719
2018-02-06,90.9214
2018-02-07,90.9848
2018-02-08,90.8319
2018-02-09,90.8490
2018-02-12,90.8990
2018-02-13,90.9100
2018-02-14,91.0271
2018-02-15,91.1471
2018-02-16,91.2376
2018-02-20,91.3671
2018-02-21,91.3614
2018-02-22,91.3533
2018-02-23,91.4600
2018-02-26,91.6071
2018-02-27,91.6138
2018-02-28,91.6067
2018-03-01,91.6119
2018-03-02,91.5186
2018-03-05,91.4890
2018-03-06,91.5624
2018-03-07,91.8414
2018-03-08,91.9890
2018-03-09,92.3190
2018-03-12,92.8790
2018-03-13,93.1757
2018-03-14,93.4005
2018-03-15,93.6076
2018-03-16,93.7881
2018-03-19,93.7990
2018-03-20,93.8529
2018-03-21,93.8414
2018-03-22,93.7605
2018-03-23,93.5438
2018-03-26,93.5305
2018-03-27,93.2471
2018-03-28,93.0181
2018-03-29,92.8990
2018-04-02,92.6929
2018-04-03,92.5338
2018-04-04,92.4714
2018-04-05,92.4267
2018-04-06,92.2538
2018-04-09,92.0795
2018-04-10,91.9052
2018-04-11,91.6714
2018-04-12,91.6319
2018-04-13,91.5952
2018-04-16,91.5948
2018-04-17,91.6648
2018-04-18,91.8338
2018-04-19,91.9757
2018-04-20,92.0957
2018-04-23,92.3605
2018-04-24,92.6433
2018-04-25,92.5733
2018-04-26,92.8014
2018-04-27,93.1076
2018-04-30,93.2148
2018-05-01,93.5233
2018-05-02,93.7043
2018-05-03,93.7871
2018-05-04,93.9195
2018-05-07,94.2048
2018-05-08,94.4448
2018-05-09,94.6381
2018-05-10,94.9262
2018-05-11,95.1224
2018-05-14,95.3581
2018-05-15,95.5081
2018-05-16,95.5595
2018-05-17,95.5471
2018-05-18,95.5590
2018-05-21,95.6829
2018-05-22,95.7852
2018-05-23,96.0490
2018-05-24,96.3348
2018-05-25,96.5300
2018-05-29,96.6343
2018-05-30,96.8929
2018-05-31,97.0757
2018-06-01,97.4224
2018-06-04,97.7843
2018-06-05,98.1190
2018-06-06,98.4176
2018-06-07,98.6590
2018-06-08,98.8824
2018-06-11,99.0319
2018-06-12,99.2038
2018-06-13,99.3381
2018-06-14,99.5333
2018-06-15,99.6752
2018-06-18,99.8981
2018-06-19,100.1124
2018-06-20,100.3157
2018-06-21,100.4890
2018-06-22,100.5724
2018-06-25,100.5762
2018-06-26,100.6105
2018-06-27,100.5881
2018-06-28,100.5729
2018-06-29,100.5619
2018-07-02,100.5248
2018-07-03,100.4000
2018-07-05,100.2843
2018-07-06,100.2210
2018-07-09,100.2671
2018-07-10,100.2905
2018-07-11,100.3348
2018-07-12,100.4719
2018-07-13,100.6900
2018-07-16,100.8562
2018-07-17,101.1333
2018-07-18,101.3362
2018-07-19,101.5048
2018-07-20,101.7143
2018-07-23,102.0395
2018-07-24,102.3848
2018-07-25,102.9771
2018-07-26,103.4790
2018-07-27,103.9619
2018-07-30,104.2829
2018-07-31,104.6386
2018-08-01,104.9371
2018-08-02,105.3429
2018-08-03,105.7371
2018-08-06,106.0690
2018-08-07,106.4038
2018-08-08,106.7548
2018-08-09,107.1210
2018-08-10,107.3500
2018-08-13,107.4824
2018-08-14,107.7038
2018-08-15,107.7852
2018-08-16,107.9052
2018-08-17,108.0567
2018-08-20,108.0852
2018-08-21,107.9905
2018-08-22,107.9619
2018-08-23,107.8062
2018-08-24,107.7481
2018-08-27,107.8395
2018-08-28,108.0724
2018-08-29,108.3552
2018-08-30,108.6252
2018-08-31,108.8519
2018-09-04,109.0267
2018-09-05,109.0438
2018-09-06,109.0371
2018-09-07,108.9762
2018-09-10,108.9624
2018-09-11,109.0690
2018-09-12,109.2357
2018-09-13,109.3952
2018-09-14,109.6671
2018-09-17,109.8814
2018-09-18,110.1495
2018-09-19,110.3795
2018-09-20,110.7410
2018-09-21,111.0838
2018-09-24,111.4224
2018-09-25,111.7105
2018-09-26,111.9190
2018-09-27,112.1167
2018-09-28,112.2286
2018-10-01,112.4029
2018-10-02,112.5371
2018-10-03,112.7019
2018-10-04,112.9067
2018-10-05,113.0681
2018-10-08,113.1938
2018-10-09,113.3310
2018-10-10,113.0890
2018-10-11,112.8129
2018-10-12,112.6538
2018-10-15,112.3790
2018-10-16,112.3248
2018-10-17,112.2057
2018-10-18,112.0533
2018-10-19,111.8195
2018-10-22,111.5990
2018-10-23,111.2862
2018-10-24,110.7086
2018-10-25,110.4381
2018-10-26,110.0833
2018-10-29,109.5824
2018-10-30,109.0167
2018-10-31,108.6195
2018-11-01,108.1790
2018-11-02,107.8633
2018-11-05,107.6433
2018-11-06,107.4943
2018-11-07,107.4800
2018-11-08,107.7462
2018-11-09,107.9205
2018-11-12,107.7919
2018-11-13,107.7605
2018-11-14,107.4733
2018-11-15,107.3100
2018-11-16,107.3000
2018-11-19,107.1076
2018-11-20,106.7305
2018-11-21,106.4929
2018-11-23,106.5286
2018-11-26,106.4414
2018-11-27,106.4500
2018-11-28,106.7962
2018-11-29,107.1038
2018-11-30,107.2981
2018-12-03,107.5919
2018-12-04,107.7043
2018-12-06,107.7843
2018-12-07,107.6462
2018-12-10,107.4381
2018-12-11,107.2876
2018-12-12,107.2643
2018-12-13,107.3871
2018-12-14,107.3438
2018-12-17,107.2448
2018-12-18,107.0871
2018-12-19,106.8681
2018-12-20,106.7200
2018-12-21,106.5543
2018-12-24,106.1267
2018-12-26,106.0071
2018-12-27,105.7552
2018-12-28,105.4338
