,MACD,MACD_Hist,MACD_Signal
2010-01-04,0.4621,-0.0135,0.4757
2010-01-05,0.4491,-0.0213,0.4703
2010-01-06,0.4185,-0.0414,0.4600
2010-01-07,0.3645,-0.0764,0.4409
2010-01-08,0.3346,-0.0850,0.4196
2010-01-11,0.2762,-0.1147,0.3909
2010-01-12,0.2114,-0.1436,0.3550
2010-01-13,0.1805,-0.1396,0.3201
2010-01-14,0.2030,-0.0937,0.2967
2010-01-15,0.2102,-0.0692,0.2794
2010-01-19,0.2327,-0.0374,0.2701
2010-01-20,0.2066,-0.0508,0.2574
2010-01-21,0.1379,-0.0956,0.2335
2010-01-22,-0.0013,-0.1878,0.1865
2010-01-25,-0.0816,-0.2145,0.1329
2010-01-26,-0.1292,-0.2097,0.0805
2010-01-27,-0.1515,-0.1856,0.0341
2010-01-28,-0.2079,-0.1936,-0.0143
2010-01-29,-0.3279,-0.2509,-0.0770
2010-02-01,-0.3999,-0.2582,-0.1416
2010-02-02,-0.4477,-0.2448,-0.2028
2010-02-03,-0.4665,-0.2109,-0.2555
2010-02-04,-0.5389,-0.2267,-0.3122
2010-02-05,-0.5751,-0.2103,-0.3648
2010-02-08,-0.6209,-0.2049,-0.4160
2010-02-09,-0.6266,-0.1684,-0.4581
2010-02-10,-0.6255,-0.1339,-0.4916
2010-02-11,-0.6071,-0.0924,-0.5147
2010-02-12,-0.6009,-0.0690,-0.5319
2010-02-16,-0.5558,-0.0191,-0.5367
2010-02-17,-0.4949,0.0335,-0.5283
2010-02-18,-0.4113,0.0936,-0.5049
2010-02-19,-0.3570,0.1183,-0.4754
2010-02-22,-0.3136,0.1294,-0.4430
2010-02-23,-0.3080,0.1080,-0.4160
2010-02-24,-0.2761,0.1119,-0.3880
2010-02-25,-0.2503,0.1101,-0.3605
2010-02-26,-0.2217,0.1110,-0.3327
2010-03-01,-0.1689,0.1311,-0.3000
2010-03-02,-0.1702,0.1038,-0.2740
2010-03-03,-0.1693,0.0837,-0.2531
2010-03-04,-0.1531,0.0800,-0.2331
2010-03-05,-0.1421,0.0728,-0.2149
2010-03-08,-0.1284,0.0692,-0.1976
2010-03-09,-0.1027,0.0759,-0.1786
2010-03-10,-0.0678,0.0886,-0.1565
2010-03-11,-0.0230,0.1068,-0.1298
2010-03-12,0.0196,0.1195,-0.0999
2010-03-15,0.0544,0.1234,-0.0690
2010-03-16,0.0873,0.1251,-0.0378
2010-03-17,0.1329,0.1365,-0.0036
2010-03-18,0.1655,0.1353,0.0302
2010-03-19,0.1876,0.1259,0.0617
2010-03-22,0.2035,0.1135,0.0901
2010-03-23,0.2360,0.1168,0.1192
2010-03-24,0.2405,0.0970,0.1435
2010-03-25,0.2699,0.1011,0.1688
2010-03-26,0.2620,0.0746,0.1874
2010-03-29,0.2472,0.0478,0.1994
2010-03-30,0.2472,0.0382,0.2089
2010-03-31,0.2059,-0.0025,0.2083
2010-04-01,0.1610,-0.0379,0.1989
2010-04-05,0.1327,-0.0529,0.1856
2010-04-06,0.1131,-0.0580,0.1711
2010-04-07,0.0988,-0.0579,0.1566
2010-04-08,0.1319,-0.0198,0.1517
2010-04-09,0.1899,0.0306,0.1593
2010-04-12,0.2316,0.0578,0.1738
2010-04-13,0.2719,0.0785,0.1934
2010-04-14,0.3300,0.1093,0.2207
2010-04-15,0.3757,0.1240,0.2517
2010-04-16,0.3913,0.1116,0.2796
2010-04-19,0.4284,0.1190,0.3094
2010-04-20,0.4783,0.1351,0.3432
2010-04-21,0.5097,0.1332,0.3765
2010-04-22,0.5331,0.1253,0.4078
2010-04-23,0.5110,0.0826,0.4284
2010-04-26,0.4999,0.0572,0.4427
2010-04-27,0.4643,0.0173,0.4470
2010-04-28,0.4364,-0.0085,0.4449
2010-04-29,0.4169,-0.0224,0.4393
2010-04-30,0.3596,-0.0638,0.4234
2010-05-03,0.3365,-0.0695,0.4060
2010-05-04,0.2563,-0.1197,0.3761
2010-05-05,0.1683,-0.1662,0.3345
2010-05-06,0.0280,-0.2452,0.2732
2010-05-07,-0.1437,-0.3335,0.1898
2010-05-10,-0.2183,-0.3265,0.1082
2010-05-11,-0.2791,-0.3098,0.0307
2010-05-12,-0.2789,-0.2477,-0.0312
2010-05-13,-0.2915,-0.2082,-0.0833
2010-05-14,-0.3227,-0.1916,-0.1311
2010-05-17,-0.3428,-0.1693,-0.1735
2010-05-18,-0.3819,-0.1667,-0.2151
2010-05-19,-0.4367,-0.1772,-0.2595
2010-05-20,-0.5648,-0.2443,-0.3205
2010-05-21,-0.6802,-0.2878,-0.3925
2010-05-24,-0.8084,-0.3328,-0.4757
2010-05-25,-0.9156,-0.3520,-0.5636
2010-05-26,-1.0737,-0.4080,-0.6656
2010-05-27,-1.1063,-0.3525,-0.7538
2010-05-28,-1.1353,-0.3052,-0.8301
2010-06-01,-1.1378,-0.2462,-0.8916
2010-06-02,-1.0814,-0.1518,-0.9296
2010-06-03,-0.9929,-0.0507,-0.9422
2010-06-04,-0.9977,-0.0443,-0.9533
2010-06-07,-1.0299,-0.0612,-0.9686
2010-06-08,-1.0578,-0.0713,-0.9865
2010-06-09,-1.0931,-0.0853,-1.0078
2010-06-10,-1.0915,-0.0670,-1.0245
2010-06-11,-1.0252,-0.0006,-1.0247
2010-06-14,-0.9748,0.0399,-1.0147
2010-06-15,-0.8374,0.1419,-0.9792
2010-06-16,-0.7411,0.1905,-0.9316
2010-06-17,-0.6533,0.2227,-0.8759
2010-06-18,-0.5714,0.2436,-0.8150
2010-06-21,-0.5399,0.2201,-0.7600
2010-06-22,-0.5234,0.1893,-0.7127
2010-06-23,-0.5413,0.1371,-0.6784
2010-06-24,-0.5738,0.0837,-0.6575
2010-06-25,-0.6300,0.0220,-0.6520
2010-06-28,-0.6846,-0.0261,-0.6585
2010-06-29,-0.7993,-0.1127,-0.6867
2010-06-30,-0.9040,-0.1739,-0.7301
2010-07-01,-0.9638,-0.1869,-0.7769
2010-07-02,-0.9909,-0.1712,-0.8197
2010-07-06,-0.9569,-0.1098,-0.8471
2010-07-07,-0.8811,-0.0272,-0.8539
2010-07-08,-0.8030,0.0408,-0.8437
2010-07-09,-0.7437,0.0800,-0.8237
2010-07-12,-0.6441,0.1437,-0.7878
2010-07-13,-0.5348,0.2024,-0.7372
2010-07-14,-0.4184,0.2551,-0.6735
2010-07-15,-0.3168,0.2853,-0.6021
2010-07-16,-0.2831,0.2552,-0.5383
2010-07-19,-0.2263,0.2496,-0.4759
2010-07-20,-0.1593,0.2533,-0.4126
2010-07-21,-0.1337,0.2231,-0.3568
2010-07-22,-0.0547,0.2417,-0.2964
2010-07-23,0.0055,0.2415,-0.2360
2010-07-26,0.0757,0.2493,-0.1737
2010-07-27,0.1346,0.2466,-0.1120
2010-07-28,0.1625,0.2196,-0.0571
2010-07-29,0.1888,0.1968,-0.0079
2010-07-30,0.1898,0.1582,0.0316
2010-08-02,0.2298,0.1586,0.0713
2010-08-03,0.2451,0.1390,0.1060
2010-08-04,0.2199,0.0911,0.1288
2010-08-05,0.1689,0.0321,0.1368
2010-08-06,0.1414,0.0037,0.1377
2010-08-09,0.1231,-0.0117,0.1348
2010-08-10,0.0642,-0.0565,0.1207
2010-08-11,0.0006,-0.0961,0.0967
2010-08-12,-0.0787,-0.1403,0.0616
2010-08-13,-0.1472,-0.1670,0.0198
2010-08-16,-0.1912,-0.1688,-0.0224
2010-08-17,-0.2067,-0.1475,-0.0592
2010-08-18,-0.2077,-0.1188,-0.0889
2010-08-19,-0.2365,-0.1180,-0.1184
2010-08-20,-0.2731,-0.1237,-0.1494
2010-08-23,-0.2946,-0.1162,-0.1784
2010-08-24,-0.3273,-0.1191,-0.2082
2010-08-25,-0.3444,-0.1090,-0.2354
2010-08-26,-0.3762,-0.1126,-0.2636
2010-08-27,-0.3881,-0.0996,-0.2885
2010-08-30,-0.4160,-0.1021,-0.3140
2010-08-31,-0.4472,-0.1066,-0.3406
2010-09-01,-0.4318,-0.0729,-0.3589
2010-09-02,-0.4116,-0.0422,-0.3694
2010-09-03,-0.3632,0.0050,-0.3682
2010-09-07,-0.3475,0.0166,-0.3640
2010-09-08,-0.3336,0.0244,-0.3580
2010-09-09,-0.3125,0.0364,-0.3489
2010-09-10,-0.3052,0.0349,-0.3401
2010-09-13,-0.1955,0.1157,-0.3112
2010-09-14,-0.1137,0.1580,-0.2717
2010-09-15,-0.0415,0.1842,-0.2257
2010-09-16,0.0327,0.2067,-0.1740
2010-09-17,0.0816,0.2045,-0.1229
2010-09-20,0.1358,0.2069,-0.0711
2010-09-21,0.1544,0.1804,-0.0260
2010-09-22,0.1241,0.1201,0.0040
2010-09-23,0.0846,0.0645,0.0201
2010-09-24,0.0802,0.0481,0.0321
2010-09-27,0.0724,0.0323,0.0402
2010-09-28,0.0612,0.0168,0.0444
2010-09-29,0.0375,-0.0055,0.0430
2010-09-30,0.0177,-0.0203,0.0379
2010-10-01,-0.0068,-0.0358,0.0290
2010-10-04,-0.0634,-0.0739,0.0105
2010-10-05,-0.0719,-0.0659,-0.0060
2010-10-06,-0.0714,-0.0523,-0.0191
2010-10-07,-0.0622,-0.0345,-0.0277
2010-10-08,-0.0511,-0.0187,-0.0324
2010-10-11,-0.0402,-0.0063,-0.0339
2010-10-12,-0.0121,0.0175,-0.0296
2010-10-13,0.0508,0.0643,-0.0135
2010-10-14,0.0907,0.0833,0.0073
2010-10-15,0.1456,0.1106,0.0350
2010-10-18,0.2094,0.1395,0.0699
2010-10-19,0.1995,0.1037,0.0958
2010-10-20,0.2062,0.0883,0.1179
2010-10-21,0.2179,0.0800,0.1379
2010-10-22,0.2212,0.0667,0.1545
2010-10-25,0.2063,0.0414,0.1649
2010-10-26,0.2489,0.0672,0.1817
2010-10-27,0.2914,0.0878,0.2036
2010-10-28,0.3398,0.1089,0.2309
2010-10-29,0.4045,0.1389,0.2656
2010-11-01,0.4733,0.1662,0.3071
2010-11-02,0.5569,0.1998,0.3571
2010-11-03,0.5874,0.1842,0.4032
2010-11-04,0.6133,0.1681,0.4452
2010-11-05,0.6035,0.1267,0.4769
2010-11-08,0.5858,0.0871,0.4986
2010-11-09,0.5764,0.0622,0.5142
2010-11-10,0.5616,0.0380,0.5237
2010-11-11,0.5229,-0.0006,0.5235
2010-11-12,0.4540,-0.0556,0.5096
2010-11-15,0.3892,-0.0964,0.4855
2010-11-16,0.3029,-0.1461,0.4490
2010-11-17,0.2126,-0.1891,0.4017
2010-11-18,0.1609,-0.1927,0.3536
2010-11-19,0.1067,-0.1975,0.3042
2010-11-22,0.0662,-0.1904,0.2566
2010-11-23,-0.0149,-0.2172,0.2023
2010-11-24,-0.0583,-0.2085,0.1502
2010-11-26,-0.1013,-0.2011,0.0999
2010-11-29,-0.1290,-0.1831,0.0541
2010-11-30,-0.1534,-0.1660,0.0126
2010-12-01,-0.1083,-0.0968,-0.0116
2010-12-02,-0.0040,0.0060,-0.0101
2010-12-03,0.0881,0.0786,0.0096
2010-12-06,0.1450,0.1083,0.0367
2010-12-07,0.1902,0.1229,0.0674
2010-12-08,0.2523,0.1479,0.1043
2010-12-09,0.2860,0.1453,0.1407
2010-12-10,0.3299,0.1514,0.1785
2010-12-13,0.3530,0.1396,0.2134
2010-12-14,0.3970,0.1468,0.2501
2010-12-15,0.4452,0.1561,0.2892
2010-12-16,0.4890,0.1598,0.3291
2010-12-17,0.5109,0.1454,0.3655
2010-12-20,0.5148,0.1195,0.3953
2010-12-21,0.5328,0.1100,0.4228
2010-12-22,0.5502,0.1019,0.4483
2010-12-23,0.5665,0.0946,0.4719
2010-12-27,0.5545,0.0660,0.4884
2010-12-28,0.5340,0.0364,0.4975
2010-12-29,0.5086,0.0089,0.4998
2010-12-30,0.4734,-0.0211,0.4945
2010-12-31,0.4452,-0.0395,0.4846
2011-01-03,0.4236,-0.0488,0.4724
2011-01-04,0.4104,-0.0496,0.4600
2011-01-05,0.3884,-0.0573,0.4457
2011-01-06,0.4322,-0.0108,0.4430
2011-01-07,0.4440,0.0008,0.4432
2011-01-10,0.4179,-0.0202,0.4381
2011-01-11,0.3839,-0.0434,0.4273
2011-01-12,0.3880,-0.0314,0.4194
2011-01-13,0.3581,-0.0491,0.4072
2011-01-14,0.3393,-0.0543,0.3936
2011-01-18,0.3495,-0.0353,0.3848
2011-01-19,0.3383,-0.0372,0.3755
2011-01-20,0.3163,-0.0473,0.3636
2011-01-21,0.2689,-0.0758,0.3447
2011-01-24,0.2575,-0.0698,0.3272
2011-01-25,0.2512,-0.0609,0.3120
2011-01-26,0.2697,-0.0339,0.3036
2011-01-27,0.2883,-0.0122,0.3005
2011-01-28,0.2103,-0.0722,0.2825
2011-01-31,0.1447,-0.1102,0.2549
2011-02-01,0.1131,-0.1135,0.2265
2011-02-02,0.0828,-0.1150,0.1978
2011-02-03,0.0350,-0.1303,0.1652
2011-02-04,0.0067,-0.1268,0.1335
2011-02-07,0.0185,-0.0920,0.1105
2011-02-08,0.0344,-0.0609,0.0953
2011-02-09,0.0215,-0.0590,0.0805
2011-02-10,-0.0263,-0.0855,0.0592
2011-02-11,-0.0834,-0.1141,0.0307
2011-02-14,-0.1288,-0.1276,-0.0012
2011-02-15,-0.1845,-0.1466,-0.0379
2011-02-16,-0.2212,-0.1466,-0.0745
2011-02-17,-0.2323,-0.1262,-0.1061
2011-02-18,-0.2503,-0.1153,-0.1349
2011-02-22,-0.2990,-0.1313,-0.1677
2011-02-23,-0.3338,-0.1328,-0.2009
2011-02-24,-0.3429,-0.1135,-0.2293
2011-02-25,-0.3636,-0.1074,-0.2562
2011-02-28,-0.3734,-0.0937,-0.2796
2011-03-01,-0.4102,-0.1045,-0.3057
2011-03-02,-0.4410,-0.1082,-0.3328
2011-03-03,-0.4504,-0.0940,-0.3563
2011-03-04,-0.4723,-0.0928,-0.3795
2011-03-07,-0.5026,-0.0985,-0.4041
2011-03-08,-0.5055,-0.0811,-0.4244
2011-03-09,-0.5036,-0.0634,-0.4402
2011-03-10,-0.5347,-0.0755,-0.4591
2011-03-11,-0.5314,-0.0578,-0.4736
2011-03-14,-0.5219,-0.0387,-0.4832
2011-03-15,-0.5325,-0.0394,-0.4931
2011-03-16,-0.5826,-0.0716,-0.5110
2011-03-17,-0.6160,-0.0840,-0.5320
2011-03-18,-0.6336,-0.0813,-0.5523
2011-03-21,-0.5978,-0.0364,-0.5614
2011-03-22,-0.5658,-0.0035,-0.5623
2011-03-23,-0.5147,0.0381,-0.5528
2011-03-24,-0.4473,0.0844,-0.5317
2011-03-25,-0.4045,0.1017,-0.5062
2011-03-28,-0.3832,0.0985,-0.4816
2011-03-29,-0.3557,0.1008,-0.4564
2011-03-30,-0.3205,0.1087,-0.4292
2011-03-31,-0.3069,0.0979,-0.4048
2011-04-01,-0.2855,0.0954,-0.3809
2011-04-04,-0.2599,0.0968,-0.3567
2011-04-05,-0.2185,0.1105,-0.3291
2011-04-06,-0.1541,0.1399,-0.2941
2011-04-07,-0.0979,0.1569,-0.2549
2011-04-08,-0.0632,0.1534,-0.2165
2011-04-11,-0.0424,0.1393,-0.1817
2011-04-12,-0.0527,0.1032,-0.1559
2011-04-13,-0.0610,0.0759,-0.1369
2011-04-14,-0.0836,0.0427,-0.1263
2011-04-15,-0.1043,0.0176,-0.1219
2011-04-18,-0.1425,-0.0165,-0.1260
2011-04-19,-0.1652,-0.0314,-0.1338
2011-04-20,-0.1324,0.0011,-0.1335
2011-04-21,-0.1244,0.0073,-0.1317
2011-04-25,-0.1095,0.0178,-0.1273
2011-04-26,-0.0503,0.0616,-0.1119
2011-04-27,0.0118,0.0989,-0.0872
2011-04-28,0.0866,0.1390,-0.0524
2011-04-29,0.0812,0.1069,-0.0257
2011-05-02,0.0554,0.0648,-0.0095
2011-05-03,0.0464,0.0447,0.0017
2011-05-04,0.0588,0.0457,0.0131
2011-05-05,0.0464,0.0266,0.0198
2011-05-06,0.0424,0.0181,0.0243
2011-05-09,0.0357,0.0091,0.0266
2011-05-10,0.0172,-0.0075,0.0247
2011-05-11,-0.0222,-0.0375,0.0153
2011-05-12,-0.0560,-0.0570,0.0011
2011-05-13,-0.1049,-0.0848,-0.0201
2011-05-16,-0.1788,-0.1269,-0.0519
2011-05-17,-0.2386,-0.1494,-0.0892
2011-05-18,-0.2692,-0.1440,-0.1252
2011-05-19,-0.2881,-0.1303,-0.1578
2011-05-20,-0.3176,-0.1278,-0.1898
2011-05-23,-0.3626,-0.1383,-0.2243
2011-05-24,-0.3953,-0.1368,-0.2585
2011-05-25,-0.4133,-0.1238,-0.2895
2011-05-26,-0.3843,-0.0759,-0.3085
2011-05-27,-0.3501,-0.0333,-0.3168
2011-05-31,-0.2993,0.0140,-0.3133
2011-06-01,-0.3024,0.0087,-0.3111
2011-06-02,-0.3182,-0.0056,-0.3125
2011-06-03,-0.3520,-0.0316,-0.3204
2011-06-06,-0.3661,-0.0365,-0.3296
2011-06-07,-0.3690,-0.0315,-0.3374
2011-06-08,-0.3766,-0.0313,-0.3453
2011-06-09,-0.3767,-0.0252,-0.3516
2011-06-10,-0.3928,-0.0330,-0.3598
2011-06-13,-0.3743,-0.0116,-0.3627
2011-06-14,-0.3411,0.0173,-0.3584
2011-06-15,-0.3495,0.0071,-0.3566
2011-06-16,-0.3318,0.0199,-0.3517
2011-06-17,-0.2930,0.0469,-0.3399
2011-06-20,-0.2425,0.0780,-0.3204
2011-06-21,-0.1770,0.1147,-0.2917
2011-06-22,-0.1325,0.1274,-0.2599
2011-06-23,-0.0977,0.1298,-0.2275
2011-06-24,-0.0956,0.1055,-0.2011
2011-06-27,-0.0211,0.1440,-0.1651
2011-06-28,0.0853,0.2003,-0.1150
2011-06-29,0.1534,0.2147,-0.0613
2011-06-30,0.2353,0.2373,-0.0020
2011-07-01,0.2984,0.2403,0.0581
2011-07-05,0.3452,0.2297,0.1155
2011-07-06,0.4019,0.2291,0.1728
2011-07-07,0.4769,0.2432,0.2336
2011-07-08,0.5421,0.2468,0.2953
2011-07-11,0.5639,0.2149,0.3490
2011-07-12,0.5674,0.1747,0.3927
2011-07-13,0.5708,0.1425,0.4283
2011-07-14,0.5542,0.1007,0.4535
2011-07-15,0.5596,0.0849,0.4747
2011-07-18,0.5424,0.0541,0.4883
2011-07-19,0.5984,0.0881,0.5103
2011-07-20,0.5972,0.0696,0.5277
2011-07-21,0.5923,0.0517,0.5406
2011-07-22,0.6164,0.0606,0.5558
2011-07-25,0.6585,0.0822,0.5763
2011-07-26,0.6976,0.0970,0.6006
2011-07-27,0.6604,0.0479,0.6125
2011-07-28,0.6549,0.0339,0.6210
2011-07-29,0.6176,-0.0027,0.6203
2011-08-01,0.5709,-0.0395,0.6105
2011-08-02,0.4904,-0.0960,0.5864
2011-08-03,0.4313,-0.1241,0.5554
2011-08-04,0.3019,-0.2028,0.5047
2011-08-05,0.1763,-0.2627,0.4390
2011-08-08,-0.0198,-0.3671,0.3473
2011-08-09,-0.0855,-0.3462,0.2607
2011-08-10,-0.2461,-0.4054,0.1593
2011-08-11,-0.2901,-0.3596,0.0695
2011-08-12,-0.3285,-0.3183,-0.0101
2011-08-15,-0.3221,-0.2496,-0.0725
2011-08-16,-0.3262,-0.2029,-0.1232
2011-08-17,-0.3340,-0.1686,-0.1654
2011-08-18,-0.3822,-0.1735,-0.2088
2011-08-19,-0.4651,-0.2051,-0.2600
2011-08-22,-0.5303,-0.2162,-0.3141
2011-08-23,-0.5164,-0.1618,-0.3546
2011-08-24,-0.4852,-0.1045,-0.3807
2011-08-25,-0.4815,-0.0807,-0.4008
2011-08-26,-0.4189,-0.0145,-0.4045
2011-08-29,-0.3181,0.0691,-0.3872
2011-08-30,-0.2043,0.1463,-0.3506
2011-08-31,-0.0833,0.2138,-0.2971
2011-09-01,-0.0187,0.2228,-0.2415
2011-09-02,-0.0006,0.1927,-0.1933
2011-09-06,-0.0095,0.1470,-0.1565
2011-09-07,0.0227,0.1434,-0.1207
2011-09-08,0.0653,0.1487,-0.0835
2011-09-09,0.0595,0.1144,-0.0549
2011-09-12,0.0664,0.0970,-0.0306
2011-09-13,0.0829,0.0908,-0.0079
2011-09-14,0.1316,0.1116,0.0200
2011-09-15,0.2074,0.1499,0.0575
2011-09-16,0.2747,0.1738,0.1009
2011-09-19,0.3315,0.1845,0.1470
2011-09-20,0.3539,0.1655,0.1884
2011-09-21,0.2885,0.0800,0.2084
2011-09-22,0.1597,-0.0390,0.1987
2011-09-23,0.0570,-0.1133,0.1704
2011-09-26,0.0062,-0.1313,0.1375
2011-09-27,-0.0153,-0.1223,0.1070
2011-09-28,-0.0396,-0.1172,0.0776
2011-09-29,-0.0681,-0.1166,0.0485
2011-09-30,-0.1344,-0.1463,0.0119
2011-10-03,-0.2135,-0.1803,-0.0332
2011-10-04,-0.2084,-0.1402,-0.0682
2011-10-05,-0.1582,-0.0720,-0.0862
2011-10-06,-0.0811,0.0041,-0.0852
2011-10-07,-0.0270,0.0465,-0.0735
2011-10-10,0.0708,0.1154,-0.0447
2011-10-11,0.1513,0.1568,-0.0055
2011-10-12,0.2095,0.1720,0.0375
2011-10-13,0.2703,0.1862,0.0841
2011-10-14,0.3220,0.1903,0.1317
2011-10-17,0.3357,0.1632,0.1725
2011-10-18,0.3689,0.1572,0.2118
2011-10-19,0.3764,0.1317,0.2447
2011-10-20,0.3708,0.1009,0.2699
2011-10-21,0.3718,0.0815,0.2903
2011-10-24,0.3707,0.0643,0.3064
2011-10-25,0.3353,0.0231,0.3121
2011-10-26,0.2862,-0.0208,0.3069
2011-10-27,0.2971,-0.0079,0.3050
2011-10-28,0.2807,-0.0194,0.3001
2011-10-31,0.2368,-0.0507,0.2874
2011-11-01,0.1486,-0.1111,0.2597
2011-11-02,0.0794,-0.1442,0.2236
2011-11-03,0.0658,-0.1263,0.1920
2011-11-04,0.0320,-0.1280,0.1600
2011-11-07,0.0491,-0.0888,0.1378
2011-11-08,0.0906,-0.0378,0.1284
2011-11-09,0.0455,-0.0663,0.1118
2011-11-10,0.0160,-0.0766,0.0927
2011-11-11,0.0430,-0.0397,0.0827
2011-11-14,0.0517,-0.0248,0.0765
2011-11-15,0.0564,-0.0161,0.0725
2011-11-16,0.0059,-0.0533,0.0592
2011-11-17,-0.0760,-0.1081,0.0321
2011-11-18,-0.1584,-0.1525,-0.0060
2011-11-21,-0.2451,-0.1913,-0.0538
2011-11-22,-0.3270,-0.2186,-0.1085
2011-11-23,-0.4130,-0.2436,-0.1694
2011-11-25,-0.4892,-0.2559,-0.2333
2011-11-28,-0.4979,-0.2116,-0.2862
2011-11-29,-0.5014,-0.1721,-0.3293
2011-11-30,-0.4394,-0.0881,-0.3513
2011-12-01,-0.4097,-0.0467,-0.3630
2011-12-02,-0.3866,-0.0189,-0.3677
2011-12-05,-0.3258,0.0335,-0.3593
2011-12-06,-0.2776,0.0653,-0.3430
2011-12-07,-0.2415,0.0812,-0.3227
2011-12-08,-0.2264,0.0770,-0.3034
2011-12-09,-0.1881,0.0923,-0.2804
2011-12-12,-0.1711,0.0874,-0.2585
2011-12-13,-0.1358,0.0981,-0.2340
2011-12-14,-0.1203,0.0910,-0.2112
2011-12-15,-0.1091,0.0817,-0.1908
2011-12-16,-0.0640,0.1015,-0.1654
2011-12-19,-0.0654,0.0800,-0.1454
2011-12-20,-0.0263,0.0953,-0.1216
2011-12-21,-0.0165,0.0841,-0.1006
2011-12-22,-0.0046,0.0768,-0.0814
2011-12-23,0.0223,0.0829,-0.0606
2011-12-27,0.0439,0.0836,-0.0397
2011-12-28,0.0428,0.0660,-0.0232
2011-12-29,0.0574,0.0645,-0.0071
2011-12-30,0.0634,0.0564,0.0070
2012-01-03,0.1316,0.0997,0.0319
2012-01-04,0.2342,0.1618,0.0724
2012-01-05,0.3342,0.2095,0.1247
2012-01-06,0.4427,0.2543,0.1883
2012-01-09,0.4935,0.2441,0.2493
2012-01-10,0.5357,0.2290,0.3066
2012-01-11,0.5530,0.1971,0.3559
2012-01-12,0.5827,0.1814,0.4012
2012-01-13,0.6192,0.1744,0.4448
2012-01-17,0.6411,0.1570,0.4841
2012-01-18,0.6490,0.1320,0.5171
2012-01-19,0.6391,0.0976,0.5415
2012-01-20,0.7508,0.1675,0.5833
2012-01-23,0.8314,0.1984,0.6330
2012-01-24,0.8539,0.1768,0.6771
2012-01-25,0.8794,0.1618,0.7176
2012-01-26,0.8846,0.1336,0.7510
2012-01-27,0.8570,0.0848,0.7722
2012-01-30,0.8559,0.0670,0.7889
2012-01-31,0.8390,0.0400,0.7989
2012-02-01,0.8448,0.0367,0.8081
2012-02-02,0.8446,0.0292,0.8154
2012-02-03,0.8579,0.0340,0.8239
2012-02-06,0.8554,0.0252,0.8302
2012-02-07,0.8556,0.0203,0.8353
2012-02-08,0.8708,0.0284,0.8424
2012-02-09,0.8815,0.0313,0.8502
2012-02-10,0.8579,0.0062,0.8517
2012-02-13,0.8364,-0.0122,0.8487
2012-02-14,0.7838,-0.0519,0.8357
2012-02-15,0.7176,-0.0945,0.8121
2012-02-16,0.7561,-0.0448,0.8009
2012-02-17,0.7749,-0.0208,0.7957
2012-02-21,0.7959,0.0002,0.7957
2012-02-22,0.7897,-0.0048,0.7945
2012-02-23,0.7839,-0.0085,0.7924
2012-02-24,0.7792,-0.0106,0.7898
2012-02-27,0.7562,-0.0268,0.7830
2012-02-28,0.7711,-0.0096,0.7807
2012-02-29,0.7636,-0.0137,0.7772
2012-03-01,0.7929,0.0125,0.7804
2012-03-02,0.7896,0.0074,0.7822
2012-03-05,0.7562,-0.0208,0.7770
2012-03-06,0.7018,-0.0602,0.7620
2012-03-07,0.6739,-0.0704,0.7443
2012-03-08,0.6579,-0.0691,0.7271
2012-03-09,0.6363,-0.0726,0.7089
2012-03-12,0.6162,-0.0742,0.6904
2012-03-13,0.6436,-0.0374,0.6810
2012-03-14,0.6657,-0.0122,0.6780
2012-03-15,0.6818,0.0031,0.6787
2012-03-16,0.6668,-0.0096,0.6763
2012-03-19,0.6155,-0.0487,0.6642
2012-03-20,0.5515,-0.0901,0.6416
2012-03-21,0.4887,-0.1223,0.6110
2012-03-22,0.4407,-0.1363,0.5770
2012-03-23,0.3993,-0.1421,0.5414
2012-03-26,0.4086,-0.1063,0.5149
2012-03-27,0.4056,-0.0874,0.4930
2012-03-28,0.3723,-0.0966,0.4689
2012-03-29,0.3364,-0.1060,0.4424
2012-03-30,0.3152,-0.1017,0.4169
2012-04-02,0.2978,-0.0953,0.3931
2012-04-03,0.2529,-0.1122,0.3651
2012-04-04,0.1565,-0.1668,0.3234
2012-04-05,0.1040,-0.1755,0.2795
2012-04-09,0.0282,-0.2011,0.2292
2012-04-10,-0.0818,-0.2489,0.1670
2012-04-11,-0.1771,-0.2753,0.0982
2012-04-12,-0.1994,-0.2381,0.0387
2012-04-13,-0.2278,-0.2132,-0.0146
2012-04-16,-0.2263,-0.1693,-0.0569
2012-04-17,-0.1934,-0.1092,-0.0842
2012-04-18,-0.1894,-0.0841,-0.1053
2012-04-19,-0.1944,-0.0713,-0.1231
2012-04-20,-0.0837,0.0315,-0.1152
2012-04-23,-0.0199,0.0762,-0.0962
2012-04-24,0.0143,0.0884,-0.0741
2012-04-25,0.0633,0.1099,-0.0466
2012-04-26,0.0938,0.1123,-0.0185
2012-04-27,0.1062,0.0998,0.0064
2012-04-30,0.1176,0.0889,0.0287
2012-05-01,0.1247,0.0768,0.0479
2012-05-02,0.1121,0.0514,0.0607
2012-05-03,0.0978,0.0297,0.0681
2012-05-04,0.0233,-0.0359,0.0592
2012-05-07,-0.0618,-0.0967,0.0350
2012-05-08,-0.1396,-0.1397,0.0001
2012-05-09,-0.1783,-0.1427,-0.0356
2012-05-10,-0.2081,-0.1380,-0.0701
2012-05-11,-0.1957,-0.1004,-0.0952
2012-05-14,-0.2219,-0.1014,-0.1206
2012-05-15,-0.2775,-0.1255,-0.1520
2012-05-16,-0.3426,-0.1525,-0.1901
2012-05-17,-0.4040,-0.1712,-0.2329
2012-05-18,-0.4835,-0.2005,-0.2830
2012-05-21,-0.5019,-0.1751,-0.3268
2012-05-22,-0.5099,-0.1465,-0.3634
2012-05-23,-0.5621,-0.1590,-0.4031
2012-05-24,-0.5998,-0.1574,-0.4425
2012-05-25,-0.6234,-0.1447,-0.4787
2012-05-29,-0.5948,-0.0929,-0.5019
2012-05-30,-0.5832,-0.0650,-0.5181
2012-05-31,-0.5794,-0.0490,-0.5304
2012-06-01,-0.6289,-0.0788,-0.5501
2012-06-04,-0.6525,-0.0819,-0.5706
2012-06-05,-0.6672,-0.0773,-0.5899
2012-06-06,-0.6036,-0.0110,-0.5926
2012-06-07,-0.5565,0.0289,-0.5854
2012-06-08,-0.4798,0.0845,-0.5643
2012-06-11,-0.4745,0.0719,-0.5463
2012-06-12,-0.4333,0.0904,-0.5237
2012-06-13,-0.4090,0.0918,-0.5008
2012-06-14,-0.3684,0.1059,-0.4743
2012-06-15,-0.2782,0.1568,-0.4351
2012-06-18,-0.2188,0.1731,-0.3918
2012-06-19,-0.1011,0.2326,-0.3337
2012-06-20,0.0106,0.2754,-0.2648
2012-06-21,0.0346,0.2395,-0.2049
2012-06-22,0.0981,0.2424,-0.1443
2012-06-25,0.0801,0.1795,-0.0995
2012-06-26,0.0774,0.1415,-0.0641
2012-06-27,0.0864,0.1204,-0.0340
2012-06-28,0.0718,0.0846,-0.0128
2012-06-29,0.1137,0.1012,0.0125
2012-07-02,0.1429,0.1043,0.0385
2012-07-03,0.1800,0.1132,0.0668
2012-07-05,0.2023,0.1084,0.0939
2012-07-06,0.1764,0.0660,0.1104
2012-07-09,0.1393,0.0231,0.1162
2012-07-10,0.0879,-0.0226,0.1106
2012-07-11,0.0116,-0.0792,0.0908
2012-07-12,-0.1018,-0.1541,0.0522
2012-07-13,-0.1289,-0.1449,0.0160
2012-07-16,-0.1446,-0.1285,-0.0161
2012-07-17,-0.1378,-0.0973,-0.0404
2012-07-18,-0.0678,-0.0219,-0.0459
2012-07-19,0.0049,0.0407,-0.0357
2012-07-20,0.0180,0.0430,-0.0250
2012-07-23,-0.0386,-0.0109,-0.0277
2012-07-24,-0.0928,-0.0521,-0.0407
2012-07-25,-0.1598,-0.0953,-0.0646
2012-07-26,-0.1842,-0.0957,-0.0885
2012-07-27,-0.1537,-0.0521,-0.1015
2012-07-30,-0.1372,-0.0285,-0.1086
2012-07-31,-0.1363,-0.0221,-0.1142
2012-08-01,-0.1388,-0.0197,-0.1191
2012-08-02,-0.1567,-0.0301,-0.1266
2012-08-03,-0.1243,0.0018,-0.1262
2012-08-06,-0.0816,0.0357,-0.1173
2012-08-07,-0.0224,0.0759,-0.0983
2012-08-08,0.0298,0.1024,-0.0727
2012-08-09,0.0839,0.1252,-0.0414
2012-08-10,0.1189,0.1282,-0.0093
2012-08-13,0.1426,0.1216,0.0211
2012-08-14,0.1389,0.0942,0.0446
2012-08-15,0.1399,0.0762,0.0637
2012-08-16,0.1854,0.0974,0.0880
2012-08-17,0.2285,0.1124,0.1161
2012-08-20,0.2469,0.1046,0.1423
2012-08-21,0.2633,0.0968,0.1665
2012-08-22,0.2524,0.0687,0.1836
2012-08-23,0.2182,0.0277,0.1906
2012-08-24,0.2133,0.0182,0.1951
2012-08-27,0.2174,0.0178,0.1996
2012-08-28,0.2133,0.0110,0.2023
2012-08-29,0.2093,0.0056,0.2037
2012-08-30,0.1775,-0.0210,0.1985
2012-08-31,0.1904,-0.0065,0.1968
2012-09-04,0.1636,-0.0266,0.1902
2012-09-05,0.1412,-0.0392,0.1804
2012-09-06,0.1982,0.0142,0.1839
2012-09-07,0.2091,0.0201,0.1890
2012-09-10,0.1969,0.0063,0.1905
2012-09-11,0.1906,0.0001,0.1906
2012-09-12,0.1828,-0.0062,0.1890
2012-09-13,0.1869,-0.0017,0.1886
2012-09-14,0.2100,0.0171,0.1929
2012-09-17,0.2257,0.0262,0.1994
2012-09-18,0.2326,0.0265,0.2061
2012-09-19,0.2255,0.0156,0.2100
2012-09-20,0.2492,0.0314,0.2178
2012-09-21,0.2441,0.0211,0.2231
2012-09-24,0.2047,-0.0147,0.2194
2012-09-25,0.1403,-0.0632,0.2036
2012-09-26,0.0704,-0.1066,0.1769
2012-09-27,0.0144,-0.1301,0.1444
2012-09-28,-0.0616,-0.1648,0.1032
2012-10-01,-0.1419,-0.1961,0.0542
2012-10-02,-0.1897,-0.1951,0.0054
2012-10-03,-0.2090,-0.1715,-0.0375
2012-10-04,-0.2082,-0.1366,-0.0716
2012-10-05,-0.2196,-0.1183,-0.1012
2012-10-08,-0.2315,-0.1043,-0.1273
2012-10-09,-0.2782,-0.1207,-0.1575
2012-10-10,-0.3355,-0.1424,-0.1931
2012-10-11,-0.3789,-0.1487,-0.2302
2012-10-12,-0.3887,-0.1268,-0.2619
2012-10-15,-0.3672,-0.0842,-0.2830
2012-10-16,-0.3478,-0.0518,-0.2959
2012-10-17,-0.3206,-0.0197,-0.3009
2012-10-18,-0.3033,-0.0019,-0.3014
2012-10-19,-0.3544,-0.0425,-0.3120
2012-10-22,-0.4415,-0.1036,-0.3379
2012-10-23,-0.5010,-0.1305,-0.3705
2012-10-24,-0.5534,-0.1463,-0.4071
2012-10-25,-0.5899,-0.1463,-0.4437
2012-10-26,-0.5855,-0.1135,-0.4720
2012-10-31,-0.5490,-0.0616,-0.4874
2012-11-01,-0.4364,0.0408,-0.4772
2012-11-02,-0.3445,0.1062,-0.4507
2012-11-05,-0.2581,0.1541,-0.4122
2012-11-06,-0.1691,0.1944,-0.3635
2012-11-07,-0.1597,0.1631,-0.3228
2012-11-08,-0.1721,0.1206,-0.2926
2012-11-09,-0.1782,0.0916,-0.2697
2012-11-12,-0.2296,0.0321,-0.2617
2012-11-13,-0.3575,-0.0766,-0.2809
2012-11-14,-0.4735,-0.1541,-0.3194
2012-11-15,-0.5732,-0.2031,-0.3702
2012-11-16,-0.6561,-0.2287,-0.4273
2012-11-19,-0.6970,-0.2157,-0.4813
2012-11-20,-0.7225,-0.1930,-0.5295
2012-11-21,-0.7151,-0.1485,-0.5666
2012-11-23,-0.6413,-0.0598,-0.5816
2012-11-26,-0.6013,-0.0158,-0.5855
2012-11-27,-0.5875,-0.0016,-0.5859
2012-11-28,-0.5476,0.0306,-0.5783
2012-11-29,-0.5428,0.0283,-0.5712
2012-11-30,-0.5596,0.0092,-0.5689
2012-12-03,-0.5812,-0.0099,-0.5713
2012-12-04,-0.5963,-0.0199,-0.5763
2012-12-05,-0.5773,-0.0008,-0.5765
2012-12-06,-0.5515,0.0200,-0.5715
2012-12-07,-0.5465,0.0200,-0.5665
2012-12-10,-0.4977,0.0550,-0.5528
2012-12-11,-0.4235,0.1034,-0.5269
2012-12-12,-0.3669,0.1280,-0.4949
2012-12-13,-0.3287,0.1329,-0.4617
2012-12-14,-0.3190,0.1141,-0.4331
2012-12-17,-0.2850,0.1185,-0.4035
2012-12-18,-0.2181,0.1484,-0.3664
2012-12-19,-0.1831,0.1467,-0.3297
2012-12-20,-0.1240,0.1646,-0.2886
2012-12-21,-0.0947,0.1551,-0.2498
2012-12-24,-0.1018,0.1184,-0.2202
2012-12-26,-0.1221,0.0785,-0.2006
2012-12-27,-0.1287,0.0575,-0.1862
2012-12-28,-0.1651,0.0169,-0.1820
2012-12-31,-0.1789,0.0024,-0.1814
2013-01-02,-0.1152,0.0530,-0.1681
2013-01-03,-0.0934,0.0598,-0.1532
2013-01-04,-0.1160,0.0298,-0.1457
2013-01-07,-0.1363,0.0075,-0.1439
2013-01-08,-0.1619,-0.0144,-0.1475
2013-01-09,-0.1681,-0.0165,-0.1516
2013-01-10,-0.1902,-0.0309,-0.1593
2013-01-11,-0.1758,-0.0132,-0.1626
2013-01-14,-0.1578,0.0039,-0.1616
2013-01-15,-0.1163,0.0363,-0.1526
2013-01-16,-0.0960,0.0452,-0.1413
2013-01-17,-0.0623,0.0631,-0.1255
2013-01-18,-0.0352,0.0722,-0.1074
2013-01-22,-0.0215,0.0687,-0.0902
2013-01-23,0.0261,0.0931,-0.0670
2013-01-24,0.0648,0.1054,-0.0406
2013-01-25,0.1142,0.1239,-0.0096
2013-01-28,0.1542,0.1311,0.0231
2013-01-29,0.1916,0.1348,0.0568
2013-01-30,0.2060,0.1193,0.0866
2013-01-31,0.1830,0.0771,0.1059
2013-02-01,0.2012,0.0762,0.1250
2013-02-04,0.1740,0.0393,0.1348
2013-02-05,0.1552,0.0163,0.1389
2013-02-06,0.1263,-0.0101,0.1363
2013-02-07,0.0977,-0.0310,0.1286
2013-02-08,0.0954,-0.0266,0.1220
2013-02-11,0.1173,-0.0037,0.1210
2013-02-12,0.1347,0.0109,0.1238
2013-02-13,0.1588,0.0280,0.1308
2013-02-14,0.1766,0.0367,0.1399
2013-02-15,0.1862,0.0370,0.1492
2013-02-19,0.1944,0.0361,0.1582
2013-02-20,0.1846,0.0211,0.1635
2013-02-21,0.1445,-0.0152,0.1597
2013-02-22,0.1330,-0.0214,0.1544
2013-02-25,0.0914,-0.0504,0.1418
2013-02-26,0.0577,-0.0672,0.1249
2013-02-27,0.0658,-0.0473,0.1131
2013-02-28,0.0705,-0.0341,0.1046
2013-03-01,0.0854,-0.0153,0.1008
2013-03-04,0.1121,0.0091,0.1030
2013-03-05,0.1477,0.0357,0.1120
2013-03-06,0.1531,0.0329,0.1202
2013-03-07,0.1596,0.0315,0.1281
2013-03-08,0.1517,0.0189,0.1328
2013-03-11,0.1334,0.0005,0.1329
2013-03-12,0.1208,-0.0097,0.1305
2013-03-13,0.1099,-0.0165,0.1264
2013-03-14,0.1176,-0.0070,0.1246
2013-03-15,0.1144,-0.0082,0.1226
2013-03-18,0.1158,-0.0055,0.1212
2013-03-19,0.1219,0.0005,0.1213
2013-03-20,0.1360,0.0118,0.1243
2013-03-21,0.1293,0.0040,0.1253
2013-03-22,0.1336,0.0067,0.1269
2013-03-25,0.1283,0.0011,0.1272
2013-03-26,0.1223,-0.0039,0.1262
2013-03-27,0.1334,0.0057,0.1277
2013-03-28,0.1593,0.0253,0.1340
2013-04-01,0.1782,0.0353,0.1428
2013-04-02,0.2061,0.0506,0.1555
2013-04-03,0.2064,0.0408,0.1657
2013-04-04,0.2072,0.0332,0.1740
2013-04-05,0.2138,0.0318,0.1819
2013-04-08,0.2077,0.0206,0.1871
2013-04-09,0.2820,0.0759,0.2061
2013-04-10,0.3904,0.1475,0.2429
2013-04-11,0.3636,0.0965,0.2671
2013-04-12,0.3269,0.0479,0.2790
2013-04-15,0.2864,0.0059,0.2805
2013-04-16,0.2738,-0.0054,0.2792
2013-04-17,0.2492,-0.0240,0.2732
2013-04-18,0.2243,-0.0391,0.2634
2013-04-19,0.2800,0.0133,0.2667
2013-04-22,0.4031,0.1091,0.2940
2013-04-23,0.4789,0.1479,0.3310
2013-04-24,0.6254,0.2355,0.3899
2013-04-25,0.7474,0.2860,0.4614
2013-04-26,0.8225,0.2889,0.5336
2013-04-29,0.9374,0.3230,0.6144
2013-04-30,1.0558,0.3532,0.7026
2013-05-01,1.1062,0.3229,0.7834
2013-05-02,1.1683,0.3079,0.8603
2013-05-03,1.2298,0.2956,0.9342
2013-05-06,1.2848,0.2805,1.0044
2013-05-07,1.2782,0.2190,1.0591
2013-05-08,1.2328,0.1390,1.0939
2013-05-09,1.1570,0.0505,1.1065
2013-05-10,1.0867,-0.0158,1.1025
2013-05-13,1.0464,-0.0449,1.0913
2013-05-14,1.0428,-0.0388,1.0816
2013-05-15,1.0532,-0.0227,1.0759
2013-05-16,1.0681,-0.0062,1.0744
2013-05-17,1.1307,0.0450,1.0856
2013-05-20,1.1835,0.0783,1.1052
2013-05-21,1.1931,0.0703,1.1228
2013-05-22,1.1679,0.0361,1.1318
2013-05-23,1.0981,-0.0270,1.1251
2013-05-24,1.0404,-0.0677,1.1081
2013-05-28,1.0432,-0.0519,1.0951
2013-05-29,1.0224,-0.0582,1.0806
2013-05-30,1.0064,-0.0593,1.0658
2013-05-31,0.9720,-0.0750,1.0470
2013-06-03,0.9891,-0.0464,1.0354
2013-06-04,0.9433,-0.0737,1.0170
2013-06-05,0.8799,-0.1097,0.9896
2013-06-06,0.8346,-0.1240,0.9586
2013-06-07,0.8462,-0.0899,0.9361
2013-06-10,0.8297,-0.0851,0.9148
2013-06-11,0.7571,-0.1262,0.8833
2013-06-12,0.7043,-0.1432,0.8475
2013-06-13,0.6322,-0.1722,0.8044
2013-06-14,0.5434,-0.2088,0.7522
2013-06-17,0.5154,-0.1894,0.7049
2013-06-18,0.4861,-0.1750,0.6611
2013-06-19,0.4265,-0.1877,0.6142
2013-06-20,0.2871,-0.2616,0.5488
2013-06-21,0.1567,-0.3136,0.4704
2013-06-24,0.0887,-0.3053,0.3940
2013-06-25,0.0308,-0.2906,0.3214
2013-06-26,0.0393,-0.2257,0.2650
2013-06-27,0.0671,-0.1583,0.2254
2013-06-28,0.0821,-0.1146,0.1967
2013-07-01,0.0781,-0.0949,0.1730
2013-07-02,0.0407,-0.1059,0.1465
2013-07-03,0.0164,-0.1041,0.1205
2013-07-05,0.0132,-0.0859,0.0990
2013-07-08,0.0197,-0.0635,0.0832
2013-07-09,0.0265,-0.0453,0.0718
2013-07-10,0.0595,-0.0098,0.0694
2013-07-11,0.1633,0.0751,0.0882
2013-07-12,0.2415,0.1227,0.1188
2013-07-15,0.3399,0.1769,0.1631
2013-07-16,0.4211,0.2065,0.2147
2013-07-17,0.4377,0.1784,0.2593
2013-07-18,0.4217,0.1300,0.2918
2013-07-19,0.0822,-0.1677,0.2498
2013-07-22,-0.1362,-0.3088,0.1726
2013-07-23,-0.3208,-0.3948,0.0739
2013-07-24,-0.4507,-0.4197,-0.0310
2013-07-25,-0.5928,-0.4494,-0.1433
2013-07-26,-0.6790,-0.4285,-0.2505
2013-07-29,-0.7452,-0.3958,-0.3494
2013-07-30,-0.7638,-0.3315,-0.4323
2013-07-31,-0.7705,-0.2706,-0.4999
2013-08-01,-0.7805,-0.2245,-0.5560
2013-08-02,-0.7619,-0.1647,-0.5972
2013-08-05,-0.7538,-0.1253,-0.6285
2013-08-06,-0.7485,-0.0959,-0.6525
2013-08-07,-0.6972,-0.0358,-0.6615
2013-08-08,-0.5831,0.0627,-0.6458
2013-08-09,-0.5023,0.1148,-0.6171
2013-08-12,-0.4196,0.1580,-0.5776
2013-08-13,-0.4012,0.1412,-0.5423
2013-08-14,-0.3725,0.1358,-0.5084
2013-08-15,-0.3905,0.0942,-0.4848
2013-08-16,-0.3994,0.0683,-0.4677
2013-08-19,-0.4343,0.0268,-0.4610
2013-08-20,-0.4385,0.0180,-0.4565
2013-08-21,-0.4376,0.0151,-0.4527
2013-08-22,-0.3697,0.0664,-0.4361
2013-08-23,-0.1241,0.2496,-0.3737
2013-08-26,0.0219,0.3165,-0.2946
2013-08-27,0.0651,0.2878,-0.2227
2013-08-28,0.0790,0.2413,-0.1623
2013-08-29,0.1313,0.2349,-0.1036
2013-08-30,0.1588,0.2099,-0.0511
2013-09-03,0.0573,0.0867,-0.0294
2013-09-04,-0.0775,-0.0385,-0.0390
2013-09-05,-0.1791,-0.1120,-0.0671
2013-09-06,-0.2632,-0.1569,-0.1063
2013-09-09,-0.2860,-0.1438,-0.1422
2013-09-10,-0.2420,-0.0798,-0.1622
2013-09-11,-0.1768,-0.0117,-0.1651
2013-09-12,-0.1278,0.0299,-0.1577
2013-09-13,-0.0607,0.0775,-0.1383
2013-09-16,-0.0258,0.0900,-0.1158
2013-09-17,0.0122,0.1024,-0.0902
2013-09-18,0.0729,0.1305,-0.0576
2013-09-19,0.1452,0.1622,-0.0170
2013-09-20,0.1324,0.1195,0.0129
2013-09-23,0.1168,0.0832,0.0337
2013-09-24,0.0806,0.0375,0.0430
2013-09-25,0.0552,0.0097,0.0455
2013-09-26,0.0559,0.0083,0.0476
2013-09-27,0.0956,0.0385,0.0572
2013-09-30,0.1265,0.0555,0.0710
2013-10-01,0.1732,0.0817,0.0915
2013-10-02,0.2349,0.1147,0.1201
2013-10-03,0.2758,0.1245,0.1513
2013-10-04,0.3062,0.1240,0.1823
2013-10-07,0.2804,0.0785,0.2019
2013-10-08,0.2338,0.0255,0.2083
2013-10-09,0.1994,-0.0071,0.2065
2013-10-10,0.2252,0.0150,0.2102
2013-10-11,0.2724,0.0497,0.2227
2013-10-14,0.3318,0.0873,0.2445
2013-10-15,0.3777,0.1066,0.2711
2013-10-16,0.4214,0.1202,0.3012
2013-10-17,0.4731,0.1376,0.3356
2013-10-18,0.5115,0.1407,0.3707
2013-10-21,0.5381,0.1338,0.4042
2013-10-22,0.5201,0.0927,0.4274
2013-10-23,0.4346,0.0058,0.4288
2013-10-24,0.3595,-0.0554,0.4150
2013-10-25,0.4569,0.0336,0.4234
2013-10-28,0.5153,0.0735,0.4418
2013-10-29,0.5512,0.0875,0.4636
2013-10-30,0.5746,0.0887,0.4858
2013-10-31,0.5756,0.0718,0.5038
2013-11-01,0.5794,0.0605,0.5189
2013-11-04,0.6089,0.0720,0.5369
2013-11-05,0.6809,0.1152,0.5657
2013-11-06,0.8524,0.2294,0.6230
2013-11-07,0.9228,0.2398,0.6830
2013-11-08,0.9898,0.2454,0.7444
2013-11-11,1.0158,0.2172,0.7987
2013-11-12,1.0063,0.1661,0.8402
2013-11-13,1.0508,0.1685,0.8823
2013-11-14,1.0630,0.1446,0.9185
2013-11-15,1.0461,0.1021,0.9440
2013-11-18,0.9698,0.0206,0.9491
2013-11-19,0.8623,-0.0695,0.9318
2013-11-20,0.7953,-0.1092,0.9045
2013-11-21,0.7593,-0.1161,0.8754
2013-11-22,0.7360,-0.1115,0.8476
2013-11-25,0.7150,-0.1061,0.8210
2013-11-26,0.6672,-0.1231,0.7903
2013-11-27,0.6421,-0.1185,0.7606
2013-11-29,0.6574,-0.0826,0.7400
2013-12-02,0.6874,-0.0420,0.7295
2013-12-03,0.6919,-0.0300,0.7220
2013-12-04,0.7379,0.0127,0.7251
2013-12-05,0.6904,-0.0278,0.7182
2013-12-06,0.6741,-0.0353,0.7094
2013-12-09,0.6812,-0.0226,0.7038
2013-12-10,0.6315,-0.0578,0.6893
2013-12-11,0.5455,-0.1150,0.6605
2013-12-12,0.4408,-0.1758,0.6166
2013-12-13,0.3114,-0.2441,0.5556
2013-12-16,0.2221,-0.2668,0.4889
2013-12-17,0.1205,-0.2947,0.4152
2013-12-18,0.0442,-0.2968,0.3410
2013-12-19,-0.0423,-0.3066,0.2643
2013-12-20,-0.0658,-0.2641,0.1983
2013-12-23,-0.0977,-0.2368,0.1391
2013-12-24,-0.0850,-0.1793,0.0943
2013-12-26,-0.0453,-0.1117,0.0664
2013-12-27,-0.0257,-0.0736,0.0480
2013-12-30,-0.0100,-0.0464,0.0364
2013-12-31,0.0120,-0.0195,0.0315
2014-01-02,0.0091,-0.0179,0.0270
2014-01-03,-0.0132,-0.0322,0.0190
2014-01-06,-0.0927,-0.0894,-0.0034
2014-01-07,-0.1316,-0.1026,-0.0290
2014-01-08,-0.2125,-0.1468,-0.0657
2014-01-09,-0.2918,-0.1808,-0.1109
2014-01-10,-0.3099,-0.1591,-0.1507
2014-01-13,-0.4051,-0.2035,-0.2016
2014-01-14,-0.4112,-0.1677,-0.2435
2014-01-15,-0.3332,-0.0717,-0.2614
2014-01-16,-0.2579,0.0029,-0.2607
2014-01-17,-0.2366,0.0193,-0.2559
2014-01-21,-0.2340,0.0175,-0.2515
2014-01-22,-0.2485,0.0025,-0.2509
2014-01-23,-0.2470,0.0032,-0.2501
2014-01-24,-0.1832,0.0536,-0.2367
2014-01-27,-0.1929,0.0351,-0.2280
2014-01-28,-0.1792,0.0390,-0.2182
2014-01-29,-0.1353,0.0663,-0.2016
2014-01-30,-0.0834,0.0946,-0.1780
2014-01-31,0.0364,0.1715,-0.1351
2014-02-03,0.0213,0.1251,-0.1038
2014-02-04,-0.0011,0.0822,-0.0833
2014-02-05,-0.0609,0.0179,-0.0788
2014-02-06,-0.0784,0.0003,-0.0787
2014-02-07,-0.0609,0.0143,-0.0752
2014-02-10,-0.0273,0.0383,-0.0656
2014-02-11,0.0292,0.0759,-0.0466
2014-02-12,0.0967,0.1147,-0.0179
2014-02-13,0.1597,0.1421,0.0176
2014-02-14,0.2080,0.1523,0.0557
2014-02-18,0.2275,0.1375,0.0900
2014-02-19,0.2473,0.1259,0.1215
2014-02-20,0.2792,0.1262,0.1530
2014-02-21,0.3194,0.1331,0.1863
2014-02-24,0.3241,0.1102,0.2139
2014-02-25,0.3121,0.0786,0.2335
2014-02-26,0.2936,0.0480,0.2455
2014-02-27,0.3068,0.0490,0.2578
2014-02-28,0.3496,0.0734,0.2761
2014-03-03,0.3368,0.0486,0.2883
2014-03-04,0.3733,0.0680,0.3053
2014-03-05,0.3736,0.0547,0.3189
2014-03-06,0.3728,0.0431,0.3297
2014-03-07,0.3480,0.0146,0.3334
2014-03-10,0.3182,-0.0121,0.3304
2014-03-11,0.3072,-0.0185,0.3257
2014-03-12,0.3151,-0.0085,0.3236
2014-03-13,0.2873,-0.0291,0.3163
2014-03-14,0.2471,-0.0554,0.3025
2014-03-17,0.2407,-0.0494,0.2901
2014-03-18,0.3526,0.0500,0.3026
2014-03-19,0.4139,0.0890,0.3249
2014-03-20,0.5418,0.1735,0.3683
2014-03-21,0.6223,0.2032,0.4191
2014-03-24,0.7054,0.2290,0.4763
2014-03-25,0.7496,0.2186,0.5310
2014-03-26,0.7319,0.1607,0.5712
2014-03-27,0.6754,0.0834,0.5920
2014-03-28,0.6984,0.0851,0.6133
2014-03-31,0.7635,0.1202,0.6433
2014-04-01,0.8401,0.1574,0.6827
2014-04-02,0.8850,0.1618,0.7231
2014-04-03,0.8829,0.1278,0.7551
2014-04-04,0.7803,0.0202,0.7601
2014-04-07,0.6854,-0.0598,0.7452
2014-04-08,0.6049,-0.1123,0.7171
2014-04-09,0.5867,-0.1043,0.6910
2014-04-10,0.4773,-0.1710,0.6483
2014-04-11,0.3740,-0.2194,0.5934
2014-04-14,0.2866,-0.2455,0.5321
2014-04-15,0.2603,-0.2174,0.4777
2014-04-16,0.2885,-0.1513,0.4399
2014-04-17,0.2763,-0.1309,0.4071
2014-04-21,0.2579,-0.1194,0.3773
2014-04-22,0.2446,-0.1061,0.3508
2014-04-23,0.2075,-0.1146,0.3221
2014-04-24,0.1896,-0.1060,0.2956
2014-04-25,0.1774,-0.0946,0.2720
2014-04-28,0.2424,-0.0237,0.2660
2014-04-29,0.2618,-0.0034,0.2652
2014-04-30,0.2653,0.0001,0.2652
2014-05-01,0.2331,-0.0257,0.2588
2014-05-02,0.1805,-0.0627,0.2431
2014-05-05,0.1164,-0.1013,0.2178
2014-05-06,0.0354,-0.1459,0.1813
2014-05-07,0.0007,-0.1445,0.1452
2014-05-08,-0.0094,-0.1237,0.1143
2014-05-09,-0.0252,-0.1116,0.0864
2014-05-12,-0.0029,-0.0715,0.0685
2014-05-13,0.0504,-0.0145,0.0649
2014-05-14,0.0773,0.0099,0.0674
2014-05-15,0.0464,-0.0168,0.0632
2014-05-16,0.0400,-0.0185,0.0585
2014-05-19,0.0282,-0.0243,0.0525
2014-05-20,0.0130,-0.0316,0.0446
2014-05-21,0.0544,0.0079,0.0465
2014-05-22,0.0663,0.0158,0.0505
2014-05-23,0.0764,0.0208,0.0557
2014-05-27,0.0891,0.0267,0.0624
2014-05-28,0.0836,0.0170,0.0666
2014-05-29,0.1047,0.0305,0.0742
2014-05-30,0.1679,0.0750,0.0930
2014-06-02,0.2036,0.0885,0.1151
2014-06-03,0.1893,0.0594,0.1299
2014-06-04,0.1783,0.0387,0.1396
2014-06-05,0.2387,0.0793,0.1594
2014-06-06,0.3048,0.1163,0.1885
2014-06-09,0.3364,0.1183,0.2181
2014-06-10,0.3446,0.1012,0.2434
2014-06-11,0.3271,0.0670,0.2601
2014-06-12,0.2873,0.0217,0.2656
2014-06-13,0.3047,0.0313,0.2734
2014-06-16,0.3364,0.0504,0.2860
2014-06-17,0.3718,0.0687,0.3032
2014-06-18,0.3929,0.0718,0.3211
2014-06-19,0.3938,0.0581,0.3356
2014-06-20,0.4035,0.0543,0.3492
2014-06-23,0.4313,0.0657,0.3656
2014-06-24,0.4286,0.0504,0.3782
2014-06-25,0.4444,0.0529,0.3915
2014-06-26,0.4269,0.0283,0.3985
2014-06-27,0.4506,0.0417,0.4090
2014-06-30,0.4202,0.0090,0.4112
2014-07-01,0.4051,-0.0049,0.4100
2014-07-02,0.3911,-0.0151,0.4062
2014-07-03,0.3677,-0.0308,0.3985
2014-07-07,0.3603,-0.0306,0.3909
2014-07-08,0.3337,-0.0458,0.3794
2014-07-09,0.3002,-0.0634,0.3636
2014-07-10,0.2718,-0.0734,0.3452
2014-07-11,0.2787,-0.0532,0.3319
2014-07-14,0.2850,-0.0376,0.3225
2014-07-15,0.3113,-0.0090,0.3203
2014-07-16,0.4585,0.1106,0.3479
2014-07-17,0.6044,0.2052,0.3992
2014-07-18,0.7247,0.2603,0.4643
2014-07-21,0.8222,0.2863,0.5359
2014-07-22,0.8888,0.2823,0.6065
2014-07-23,0.9341,0.2621,0.6720
2014-07-24,0.9214,0.1995,0.7219
2014-07-25,0.9089,0.1496,0.7593
2014-07-28,0.8465,0.0698,0.7767
2014-07-29,0.7812,0.0036,0.7776
2014-07-30,0.6967,-0.0647,0.7614
2014-07-31,0.5892,-0.1378,0.7270
2014-08-01,0.4742,-0.2022,0.6764
2014-08-04,0.4195,-0.2056,0.6251
2014-08-05,0.3487,-0.2211,0.5698
2014-08-06,0.2621,-0.2461,0.5082
2014-08-07,0.2304,-0.2223,0.4527
2014-08-08,0.2005,-0.2017,0.4022
2014-08-11,0.1748,-0.1819,0.3568
2014-08-12,0.1782,-0.1428,0.3211
2014-08-13,0.2235,-0.0780,0.3016
2014-08-14,0.2717,-0.0239,0.2956
2014-08-15,0.3477,0.0417,0.3060
2014-08-18,0.4289,0.0983,0.3306
2014-08-19,0.5052,0.1397,0.3655
2014-08-20,0.5288,0.1307,0.3982
2014-08-21,0.5629,0.1318,0.4311
2014-08-22,0.5776,0.1172,0.4604
2014-08-25,0.5841,0.0990,0.4851
2014-08-26,0.5694,0.0674,0.5020
2014-08-27,0.5406,0.0309,0.5097
2014-08-28,0.5127,0.0024,0.5103
2014-08-29,0.5289,0.0148,0.5140
2014-09-02,0.5084,-0.0045,0.5129
2014-09-03,0.4761,-0.0294,0.5055
2014-09-04,0.4694,-0.0289,0.4983
2014-09-05,0.5106,0.0099,0.5008
2014-09-08,0.5818,0.0648,0.5170
2014-09-09,0.6540,0.1097,0.5444
2014-09-10,0.7096,0.1321,0.5774
2014-09-11,0.7578,0.1443,0.6135
2014-09-12,0.7626,0.1192,0.6433
2014-09-15,0.7213,0.0624,0.6589
2014-09-16,0.7223,0.0507,0.6716
2014-09-17,0.6956,0.0192,0.6764
2014-09-18,0.6796,0.0026,0.6770
2014-09-19,0.7263,0.0394,0.6869
2014-09-22,0.7179,0.0248,0.6931
2014-09-23,0.6633,-0.0238,0.6871
2014-09-24,0.6544,-0.0262,0.6806
2014-09-25,0.5571,-0.0988,0.6559
2014-09-26,0.5039,-0.1216,0.6255
2014-09-29,0.4590,-0.1332,0.5922
2014-09-30,0.4121,-0.1441,0.5562
2014-10-01,0.3340,-0.1777,0.5117
2014-10-02,0.2579,-0.2031,0.4610
2014-10-03,0.2216,-0.1915,0.4131
2014-10-06,0.1906,-0.1780,0.3686
2014-10-07,0.1195,-0.1993,0.3188
2014-10-08,0.1622,-0.1253,0.2875
2014-10-09,0.1196,-0.1343,0.2539
2014-10-10,-0.0604,-0.2514,0.1910
2014-10-13,-0.2310,-0.3376,0.1066
2014-10-14,-0.3556,-0.3698,0.0142
2014-10-15,-0.4899,-0.4033,-0.0866
2014-10-16,-0.6278,-0.4330,-0.1949
2014-10-17,-0.6578,-0.3703,-0.2875
2014-10-20,-0.6378,-0.2803,-0.3575
2014-10-21,-0.5511,-0.1548,-0.3962
2014-10-22,-0.5167,-0.0964,-0.4203
2014-10-23,-0.4329,-0.0100,-0.4228
2014-10-24,-0.2737,0.1193,-0.3930
2014-10-27,-0.1634,0.1837,-0.3471
2014-10-28,-0.0289,0.2546,-0.2835
2014-10-29,0.0872,0.2965,-0.2093
2014-10-30,0.1317,0.2728,-0.1411
2014-10-31,0.2369,0.3024,-0.0655
2014-11-03,0.3556,0.3369,0.0187
2014-11-04,0.4550,0.3490,0.1060
2014-11-05,0.5508,0.3559,0.1949
2014-11-06,0.6866,0.3933,0.2933
2014-11-07,0.7836,0.3922,0.3913
2014-11-10,0.8674,0.3808,0.4866
2014-11-11,0.9216,0.3480,0.5736
2014-11-12,0.9463,0.2982,0.6481
2014-11-13,1.0211,0.2984,0.7227
2014-11-14,1.0657,0.2744,0.7913
2014-11-17,1.0790,0.2301,0.8488
2014-11-18,1.0196,0.1366,0.8830
2014-11-19,0.9200,0.0296,0.8904
2014-11-20,0.8697,-0.0165,0.8863
2014-11-21,0.7630,-0.0986,0.8616
2014-11-24,0.6396,-0.1776,0.8172
2014-11-25,0.5261,-0.2329,0.7590
2014-11-26,0.4534,-0.2444,0.6979
2014-11-28,0.3962,-0.2414,0.6375
2014-12-01,0.4114,-0.1809,0.5923
2014-12-02,0.4059,-0.1492,0.5550
2014-12-03,0.3666,-0.1507,0.5173
2014-12-04,0.3923,-0.1000,0.4923
2014-12-05,0.3744,-0.0943,0.4687
2014-12-08,0.2983,-0.1363,0.4347
2014-12-09,0.2269,-0.1662,0.3931
2014-12-10,0.1134,-0.2238,0.3372
2014-12-11,0.0447,-0.2340,0.2787
2014-12-12,-0.0272,-0.2447,0.2175
2014-12-15,-0.1056,-0.2585,0.1529
2014-12-16,-0.2863,-0.3513,0.0650
2014-12-17,-0.3783,-0.3546,-0.0236
2014-12-18,-0.3040,-0.2243,-0.0797
2014-12-19,-0.2312,-0.1212,-0.1100
2014-12-22,-0.1461,-0.0288,-0.1172
2014-12-23,-0.0402,0.0616,-0.1018
2014-12-24,0.0185,0.0963,-0.0777
2014-12-26,0.0436,0.0971,-0.0535
2014-12-29,0.0284,0.0655,-0.0371
2014-12-30,-0.0181,0.0152,-0.0333
2014-12-31,-0.0998,-0.0532,-0.0466
2015-01-02,-0.1380,-0.0731,-0.0649
2015-01-05,-0.2010,-0.1089,-0.0921
2015-01-06,-0.3019,-0.1679,-0.1341
2015-01-07,-0.3313,-0.1578,-0.1735
2015-01-08,-0.2420,-0.0548,-0.1872
2015-01-09,-0.2013,-0.0112,-0.1900
2015-01-12,-0.2141,-0.0192,-0.1948
2015-01-13,-0.2412,-0.0371,-0.2041
2015-01-14,-0.2917,-0.0700,-0.2216
2015-01-15,-0.3658,-0.1153,-0.2505
2015-01-16,-0.3590,-0.0868,-0.2722
2015-01-20,-0.3376,-0.0524,-0.2853
2015-01-21,-0.3546,-0.0554,-0.2991
2015-01-22,-0.2673,0.0255,-0.2927
2015-01-23,-0.1918,0.0807,-0.2726
2015-01-26,-0.1441,0.1028,-0.2469
2015-01-27,-0.4521,-0.1642,-0.2879
2015-01-28,-0.8055,-0.4140,-0.3914
2015-01-29,-1.0077,-0.4931,-0.5147
2015-01-30,-1.2832,-0.6148,-0.6684
2015-02-02,-1.4142,-0.5966,-0.8175
2015-02-03,-1.4751,-0.5261,-0.9491
2015-02-04,-1.4869,-0.4303,-1.0566
2015-02-05,-1.4306,-0.2992,-1.1314
2015-02-06,-1.3733,-0.1935,-1.1798
2015-02-09,-1.3168,-0.1096,-1.2072
2015-02-10,-1.2384,-0.0249,-1.2134
2015-02-11,-1.1804,0.0265,-1.2068
2015-02-12,-1.0648,0.1136,-1.1784
2015-02-13,-0.8999,0.2228,-1.1227
2015-02-17,-0.7836,0.2713,-1.0549
2015-02-18,-0.6876,0.2939,-0.9814
2015-02-19,-0.6069,0.2997,-0.9065
2015-02-20,-0.5084,0.3185,-0.8269
2015-02-23,-0.4019,0.3400,-0.7419
2015-02-24,-0.3187,0.3386,-0.6573
2015-02-25,-0.2579,0.3195,-0.5774
2015-02-26,-0.2021,0.3003,-0.5023
2015-02-27,-0.1724,0.2639,-0.4363
2015-03-02,-0.1448,0.2332,-0.3780
2015-03-03,-0.1694,0.1669,-0.3363
2015-03-04,-0.2047,0.1053,-0.3100
2015-03-05,-0.2256,0.0675,-0.2931
2015-03-06,-0.2992,-0.0049,-0.2943
2015-03-09,-0.3145,-0.0161,-0.2984
2015-03-10,-0.3882,-0.0719,-0.3163
2015-03-11,-0.4455,-0.1034,-0.3422
2015-03-12,-0.5620,-0.1758,-0.3861
2015-03-13,-0.6181,-0.1855,-0.4325
2015-03-16,-0.6406,-0.1665,-0.4741
2015-03-17,-0.6402,-0.1329,-0.5073
2015-03-18,-0.5684,-0.0488,-0.5196
2015-03-19,-0.5228,-0.0026,-0.5202
2015-03-20,-0.4336,0.0693,-0.5029
2015-03-23,-0.3608,0.1136,-0.4745
2015-03-24,-0.2961,0.1427,-0.4388
2015-03-25,-0.3569,0.0655,-0.4224
2015-03-26,-0.4204,0.0016,-0.4220
2015-03-27,-0.4845,-0.0500,-0.4345
2015-03-30,-0.5300,-0.0764,-0.4536
2015-03-31,-0.5839,-0.1043,-0.4797
2015-04-01,-0.6143,-0.1077,-0.5066
2015-04-02,-0.6655,-0.1271,-0.5384
2015-04-06,-0.5978,-0.0476,-0.5503
2015-04-07,-0.5392,0.0088,-0.5481
2015-04-08,-0.4959,0.0417,-0.5376
2015-04-09,-0.4516,0.0688,-0.5204
2015-04-10,-0.3925,0.1023,-0.4948
2015-04-13,-0.3386,0.1250,-0.4636
2015-04-14,-0.3013,0.1298,-0.4311
2015-04-15,-0.2203,0.1686,-0.3890
2015-04-16,-0.1620,0.1816,-0.3436
2015-04-17,-0.1579,0.1485,-0.3065
2015-04-20,-0.0500,0.2052,-0.2552
2015-04-21,0.0136,0.2150,-0.2014
2015-04-22,0.0911,0.2340,-0.1429
2015-04-23,0.1792,0.2577,-0.0785
2015-04-24,0.6075,0.5488,0.0587
2015-04-27,0.9489,0.7122,0.2368
2015-04-28,1.2954,0.8469,0.4485
2015-04-29,1.5444,0.8768,0.6677
2015-04-30,1.6885,0.8166,0.8718
2015-05-01,1.7833,0.7292,1.0541
2015-05-04,1.8041,0.6000,1.2041
2015-05-05,1.7488,0.4358,1.3131
2015-05-06,1.5803,0.2138,1.3665
2015-05-07,1.4637,0.0778,1.3860
2015-05-08,1.4395,0.0428,1.3967
2015-05-11,1.3738,-0.0183,1.3921
2015-05-12,1.3051,-0.0696,1.3747
2015-05-13,1.2583,-0.0931,1.3514
2015-05-14,1.2947,-0.0454,1.3401
2015-05-15,1.2745,-0.0525,1.3269
2015-05-18,1.2214,-0.0844,1.3058
2015-05-19,1.1316,-0.1394,1.2710
2015-05-20,1.0484,-0.1781,1.2265
2015-05-21,0.9584,-0.2144,1.1729
2015-05-22,0.8356,-0.2698,1.1054
2015-05-26,0.7051,-0.3203,1.0253
2015-05-27,0.6761,-0.2794,0.9555
2015-05-28,0.6330,-0.2580,0.8910
2015-05-29,0.5449,-0.2768,0.8218
2015-06-01,0.4992,-0.2580,0.7573
2015-06-02,0.4330,-0.2594,0.6924
2015-06-03,0.3706,-0.2574,0.6281
2015-06-04,0.2784,-0.2797,0.5581
2015-06-05,0.1855,-0.2981,0.4836
2015-06-08,0.0778,-0.3246,0.4024
2015-06-09,-0.0138,-0.3330,0.3192
2015-06-10,-0.0088,-0.2624,0.2536
2015-06-11,-0.0184,-0.2176,0.1992
2015-06-12,-0.0632,-0.2099,0.1467
2015-06-15,-0.1370,-0.2270,0.0900
2015-06-16,-0.1650,-0.2040,0.0390
2015-06-17,-0.1739,-0.1703,-0.0036
2015-06-18,-0.1190,-0.0923,-0.0267
2015-06-19,-0.1242,-0.0780,-0.0462
2015-06-22,-0.1164,-0.0562,-0.0602
2015-06-23,-0.1345,-0.0594,-0.0751
2015-06-24,-0.1691,-0.0752,-0.0939
2015-06-25,-0.1931,-0.0794,-0.1137
2015-06-26,-0.2408,-0.1016,-0.1391
2015-06-29,-0.3464,-0.1658,-0.1806
2015-06-30,-0.4428,-0.2097,-0.2330
2015-07-01,-0.4897,-0.2053,-0.2843
2015-07-02,-0.5244,-0.1921,-0.3324
2015-07-06,-0.5465,-0.1713,-0.3752
2015-07-07,-0.5647,-0.1516,-0.4131
2015-07-08,-0.5774,-0.1314,-0.4460
2015-07-09,-0.5583,-0.0899,-0.4684
2015-07-10,-0.5299,-0.0492,-0.4807
2015-07-13,-0.4274,0.0427,-0.4701
2015-07-14,-0.3358,0.1074,-0.4432
2015-07-15,-0.2491,0.1553,-0.4044
2015-07-16,-0.1065,0.2383,-0.3448
2015-07-17,0.0032,0.2784,-0.2752
2015-07-20,0.1131,0.3106,-0.1975
2015-07-21,0.2266,0.3393,-0.1127
2015-07-22,0.1742,0.2295,-0.0553
2015-07-23,0.1765,0.1855,-0.0090
2015-07-24,0.1628,0.1374,0.0254
2015-07-27,0.1032,0.0622,0.0410
2015-07-28,0.0545,0.0108,0.0437
2015-07-29,0.0915,0.0383,0.0532
2015-07-30,0.1665,0.0906,0.0759
2015-07-31,0.2090,0.1065,0.1025
2015-08-03,0.2487,0.1170,0.1317
2015-08-04,0.3352,0.1628,0.1724
2015-08-05,0.4023,0.1839,0.2184
2015-08-06,0.3738,0.1243,0.2495
2015-08-07,0.3567,0.0858,0.2709
2015-08-10,0.3864,0.0923,0.2940
2015-08-11,0.3318,0.0302,0.3016
2015-08-12,0.3116,0.0080,0.3036
2015-08-13,0.2914,-0.0098,0.3011
2015-08-14,0.2938,-0.0059,0.2997
2015-08-17,0.3178,0.0145,0.3033
2015-08-18,0.3291,0.0206,0.3084
2015-08-19,0.2815,-0.0216,0.3031
2015-08-20,0.1652,-0.1103,0.2755
2015-08-21,-0.1344,-0.3279,0.1935
2015-08-24,-0.4785,-0.5376,0.0591
2015-08-25,-0.8391,-0.7186,-0.1205
2015-08-26,-0.9334,-0.6503,-0.2831
2015-08-27,-0.9017,-0.4949,-0.4068
2015-08-28,-0.8643,-0.3659,-0.4983
2015-08-31,-0.8577,-0.2875,-0.5702
2015-09-01,-0.9785,-0.3266,-0.6519
2015-09-02,-0.9391,-0.2298,-0.7093
2015-09-03,-0.8863,-0.1416,-0.7447
2015-09-04,-0.9059,-0.1290,-0.7769
2015-09-08,-0.8088,-0.0255,-0.7833
2015-09-09,-0.7889,-0.0045,-0.7844
2015-09-10,-0.7468,0.0301,-0.7769
2015-09-11,-0.6901,0.0694,-0.7596
2015-09-14,-0.6730,0.0693,-0.7422
2015-09-15,-0.5769,0.1323,-0.7092
2015-09-16,-0.4695,0.1917,-0.6612
2015-09-17,-0.3840,0.2218,-0.6058
2015-09-18,-0.3741,0.1854,-0.5594
2015-09-21,-0.3117,0.1982,-0.5099
2015-09-22,-0.2761,0.1870,-0.4631
2015-09-23,-0.2475,0.1725,-0.4200
2015-09-24,-0.2190,0.1608,-0.3798
2015-09-25,-0.1918,0.1504,-0.3422
2015-09-28,-0.2202,0.0976,-0.3178
2015-09-29,-0.2279,0.0719,-0.2998
2015-09-30,-0.1660,0.1071,-0.2731
2015-10-01,-0.0876,0.1483,-0.2360
2015-10-02,0.0513,0.2298,-0.1785
2015-10-05,0.2442,0.3381,-0.0940
2015-10-06,0.4020,0.3968,0.0052
2015-10-07,0.5251,0.4159,0.1092
2015-10-08,0.6675,0.4466,0.2209
2015-10-09,0.7442,0.4187,0.3255
2015-10-12,0.7871,0.3693,0.4178
2015-10-13,0.8030,0.3081,0.4949
2015-10-14,0.7895,0.2357,0.5538
2015-10-15,0.7963,0.1940,0.6023
2015-10-16,0.8324,0.1841,0.6483
2015-10-19,0.8600,0.1693,0.6906
2015-10-20,0.8837,0.1545,0.7293
2015-10-21,0.8468,0.0941,0.7528
2015-10-22,0.8745,0.0974,0.7771
2015-10-23,1.2723,0.3961,0.8761
2015-10-26,1.6795,0.6427,1.0368
2015-10-27,1.9348,0.7184,1.2164
2015-10-28,2.1358,0.7355,1.4003
2015-10-29,2.2196,0.6554,1.5641
2015-10-30,2.2024,0.5106,1.6918
2015-11-02,2.2118,0.4160,1.7958
2015-11-03,2.2665,0.3766,1.8899
2015-11-04,2.3035,0.3308,1.9726
2015-11-05,2.3046,0.2656,2.0390
2015-11-06,2.3223,0.2266,2.0957
2015-11-09,2.2491,0.1227,2.1264
2015-11-10,2.1142,-0.0097,2.1239
2015-11-11,1.9956,-0.1026,2.0983
2015-11-12,1.8537,-0.1957,2.0493
2015-11-13,1.6830,-0.2931,1.9761
2015-11-16,1.6039,-0.2977,1.9016
2015-11-17,1.4603,-0.3531,1.8134
2015-11-18,1.4013,-0.3297,1.7309
2015-11-19,1.3463,-0.3078,1.6540
2015-11-20,1.3078,-0.2770,1.5848
2015-11-23,1.2627,-0.2577,1.5203
2015-11-24,1.2178,-0.2421,1.4598
2015-11-25,1.1240,-0.2686,1.3927
2015-11-27,1.0569,-0.2686,1.3255
2015-11-30,1.0258,-0.2398,1.2656
2015-12-01,1.0592,-0.1651,1.2243
2015-12-02,1.0724,-0.1215,1.1939
2015-12-03,0.9900,-0.1631,1.1531
2015-12-04,1.0505,-0.0821,1.1326
2015-12-07,1.0780,-0.0437,1.1217
2015-12-08,1.0857,-0.0288,1.1145
2015-12-09,1.0147,-0.0798,1.0945
2015-12-10,0.9707,-0.0991,1.0698
2015-12-11,0.8286,-0.1929,1.0215
2015-12-14,0.7940,-0.1821,0.9760
2015-12-15,0.7626,-0.1707,0.9333
2015-12-16,0.8035,-0.1039,0.9074
2015-12-17,0.7921,-0.0922,0.8843
2015-12-18,0.6489,-0.1883,0.8372
2015-12-21,0.5851,-0.2017,0.7868
2015-12-22,0.5700,-0.1734,0.7434
2015-12-23,0.5891,-0.1234,0.7126
2015-12-24,0.5855,-0.1017,0.6872
2015-12-28,0.5982,-0.0711,0.6694
2015-12-29,0.6493,-0.0161,0.6654
2015-12-30,0.6627,-0.0021,0.6648
2015-12-31,0.5995,-0.0522,0.6518
2016-01-04,0.4889,-0.1303,0.6192
2016-01-05,0.4166,-0.1621,0.5787
2016-01-06,0.2755,-0.2426,0.5180
2016-01-07,0.0118,-0.4050,0.4168
2016-01-08,-0.1822,-0.4792,0.2970
2016-01-11,-0.3345,-0.5052,0.1707
2016-01-12,-0.4117,-0.4659,0.0542
2016-01-13,-0.5585,-0.4901,-0.0683
2016-01-14,-0.5498,-0.3852,-0.1646
2016-01-15,-0.7059,-0.4330,-0.2729
2016-01-19,-0.8544,-0.4652,-0.3892
2016-01-20,-0.9427,-0.4428,-0.4999
2016-01-21,-1.0258,-0.4208,-0.6051
2016-01-22,-0.9349,-0.2639,-0.6710
2016-01-25,-0.8929,-0.1775,-0.7154
2016-01-26,-0.8195,-0.0833,-0.7362
2016-01-27,-0.8284,-0.0738,-0.7547
2016-01-28,-0.7594,-0.0038,-0.7556
2016-01-29,-0.4545,0.2409,-0.6954
2016-02-01,-0.2408,0.3637,-0.6045
2016-02-02,-0.2070,0.3180,-0.5250
2016-02-03,-0.2452,0.2238,-0.4690
2016-02-04,-0.2851,0.1471,-0.4323
2016-02-05,-0.4599,-0.0221,-0.4378
2016-02-08,-0.6514,-0.1709,-0.4805
2016-02-09,-0.8044,-0.2591,-0.5453
2016-02-10,-0.8808,-0.2684,-0.6124
2016-02-11,-0.9322,-0.2559,-0.6764
2016-02-12,-0.8973,-0.1767,-0.7206
2016-02-16,-0.8126,-0.0736,-0.7390
2016-02-17,-0.6309,0.0864,-0.7174
2016-02-18,-0.4997,0.1741,-0.6738
2016-02-19,-0.4207,0.2025,-0.6232
2016-02-22,-0.2879,0.2683,-0.5561
2016-02-23,-0.2977,0.2067,-0.5045
2016-02-24,-0.2877,0.1734,-0.4611
2016-02-25,-0.2176,0.1948,-0.4124
2016-02-26,-0.2240,0.1508,-0.3747
2016-02-29,-0.2599,0.0919,-0.3518
2016-03-01,-0.1495,0.1618,-0.3113
2016-03-02,-0.0318,0.2236,-0.2554
2016-03-03,0.0130,0.2147,-0.2017
2016-03-04,0.0223,0.1793,-0.1569
2016-03-07,-0.0503,0.0853,-0.1356
2016-03-08,-0.0573,0.0627,-0.1199
2016-03-09,0.0329,0.1223,-0.0894
2016-03-10,0.0402,0.1036,-0.0635
2016-03-11,0.1267,0.1522,-0.0254
2016-03-14,0.2011,0.1812,0.0199
2016-03-15,0.2906,0.2166,0.0740
2016-03-16,0.4180,0.2752,0.1428
2016-03-17,0.5378,0.3160,0.2218
2016-03-18,0.5322,0.2483,0.2839
2016-03-21,0.5513,0.2139,0.3374
2016-03-22,0.5767,0.1914,0.3852
2016-03-23,0.5820,0.1574,0.4246
2016-03-24,0.5987,0.1393,0.4594
2016-03-28,0.5516,0.0737,0.4778
2016-03-29,0.6016,0.0990,0.5026
2016-03-30,0.6611,0.1268,0.5343
2016-03-31,0.7146,0.1442,0.5704
2016-04-01,0.7754,0.1641,0.6114
2016-04-04,0.8031,0.1534,0.6497
2016-04-05,0.7462,0.0772,0.6690
2016-04-06,0.7378,0.0551,0.6828
2016-04-07,0.6702,-0.0101,0.6803
2016-04-08,0.6064,-0.0591,0.6655
2016-04-11,0.5407,-0.0998,0.6405
2016-04-12,0.5102,-0.1043,0.6145
2016-04-13,0.5363,-0.0625,0.5988
2016-04-14,0.5515,-0.0379,0.5894
2016-04-15,0.5802,-0.0073,0.5875
2016-04-18,0.6607,0.0585,0.6022
2016-04-19,0.7107,0.0868,0.6239
2016-04-20,0.6779,0.0432,0.6347
2016-04-21,0.6597,0.0200,0.6397
2016-04-22,0.3188,-0.2567,0.5755
2016-04-25,0.0744,-0.4009,0.4753
2016-04-26,-0.1714,-0.5173,0.3459
2016-04-27,-0.4019,-0.5983,0.1964
2016-04-28,-0.6609,-0.6858,0.0249
2016-04-29,-0.8586,-0.7068,-0.1518
2016-05-02,-0.9447,-0.6344,-0.3104
2016-05-03,-1.0676,-0.6058,-0.4618
2016-05-04,-1.1446,-0.5462,-0.5984
2016-05-05,-1.1863,-0.4703,-0.7160
2016-05-06,-1.1695,-0.3628,-0.8067
2016-05-09,-1.1686,-0.2895,-0.8790
2016-05-10,-1.0787,-0.1597,-0.9190
2016-05-11,-0.9936,-0.0597,-0.9339
2016-05-12,-0.8790,0.0439,-0.9229
2016-05-13,-0.8134,0.0876,-0.9010
2016-05-16,-0.6930,0.1665,-0.8594
2016-05-17,-0.6960,0.1307,-0.8267
2016-05-18,-0.6665,0.1282,-0.7947
2016-05-19,-0.6749,0.0958,-0.7707
2016-05-20,-0.6498,0.0967,-0.7465
2016-05-23,-0.6699,0.0613,-0.7312
2016-05-24,-0.5535,0.1422,-0.6957
2016-05-25,-0.4137,0.2256,-0.6393
2016-05-26,-0.3178,0.2572,-0.5750
2016-05-27,-0.2048,0.2962,-0.5009
2016-05-31,-0.0596,0.3530,-0.4127
2016-06-01,0.0428,0.3644,-0.3216
2016-06-02,0.0930,0.3317,-0.2387
2016-06-03,0.0763,0.2520,-0.1757
2016-06-06,0.0894,0.2121,-0.1227
2016-06-07,0.0963,0.1752,-0.0789
2016-06-08,0.0958,0.1397,-0.0439
2016-06-09,0.0608,0.0838,-0.0230
2016-06-10,0.0216,0.0356,-0.0141
2016-06-13,-0.1163,-0.0818,-0.0345
2016-06-14,-0.2478,-0.1706,-0.0772
2016-06-15,-0.3591,-0.2256,-0.1336
2016-06-16,-0.3864,-0.2023,-0.1841
2016-06-17,-0.4241,-0.1920,-0.2321
2016-06-20,-0.4536,-0.1772,-0.2764
2016-06-21,-0.3822,-0.0846,-0.2976
2016-06-22,-0.3379,-0.0322,-0.3056
2016-06-23,-0.2259,0.0638,-0.2897
2016-06-24,-0.3015,-0.0095,-0.2921
2016-06-27,-0.4690,-0.1416,-0.3275
2016-06-28,-0.5143,-0.1495,-0.3648
2016-06-29,-0.4562,-0.0731,-0.3831
2016-06-30,-0.3552,0.0223,-0.3775
2016-07-01,-0.2729,0.0837,-0.3566
2016-07-05,-0.2044,0.1217,-0.3262
2016-07-06,-0.1317,0.1556,-0.2873
2016-07-07,-0.0733,0.1712,-0.2445
2016-07-08,0.0468,0.2330,-0.1862
2016-07-11,0.1634,0.2797,-0.1163
2016-07-12,0.3024,0.3350,-0.0326
2016-07-13,0.4318,0.3715,0.0603
2016-07-14,0.5466,0.3890,0.1576
2016-07-15,0.6271,0.3756,0.2515
2016-07-18,0.7038,0.3618,0.3419
2016-07-19,0.6864,0.2756,0.4108
2016-07-20,0.8899,0.3833,0.5066
2016-07-21,1.0305,0.4191,0.6114
2016-07-22,1.1903,0.4631,0.7272
2016-07-25,1.3147,0.4700,0.8447
2016-07-26,1.3996,0.4439,0.9557
2016-07-27,1.4047,0.3592,1.0455
2016-07-28,1.3942,0.2790,1.1152
2016-07-29,1.4077,0.2339,1.1737
2016-08-01,1.3942,0.1764,1.2178
2016-08-02,1.3677,0.1199,1.2478
2016-08-03,1.3625,0.0918,1.2707
2016-08-04,1.3764,0.0845,1.2918
2016-08-05,1.4171,0.1002,1.3169
2016-08-08,1.4407,0.0991,1.3417
2016-08-09,1.4541,0.0899,1.3641
2016-08-10,1.4336,0.0555,1.3780
2016-08-11,1.4235,0.0364,1.3871
2016-08-12,1.3707,-0.0132,1.3838
2016-08-15,1.3280,-0.0446,1.3727
2016-08-16,1.2252,-0.1179,1.3432
2016-08-17,1.1403,-0.1623,1.3026
2016-08-18,1.0640,-0.1909,1.2549
2016-08-19,0.9936,-0.2090,1.2026
2016-08-22,0.9312,-0.2172,1.1483
2016-08-23,0.8892,-0.2073,1.0965
2016-08-24,0.8510,-0.1964,1.0474
2016-08-25,0.8289,-0.1748,1.0037
2016-08-26,0.7909,-0.1702,0.9611
2016-08-29,0.7578,-0.1627,0.9205
2016-08-30,0.7064,-0.1712,0.8777
2016-08-31,0.6238,-0.2031,0.8269
2016-09-01,0.5624,-0.2116,0.7740
2016-09-02,0.5142,-0.2078,0.7220
2016-09-06,0.4658,-0.2050,0.6708
2016-09-07,0.4266,-0.1954,0.6219
2016-09-08,0.3726,-0.1994,0.5721
2016-09-09,0.2288,-0.2746,0.5034
2016-09-12,0.1805,-0.2583,0.4388
2016-09-13,0.0991,-0.2718,0.3709
2016-09-14,0.0127,-0.2865,0.2993
2016-09-15,0.0191,-0.2242,0.2432
2016-09-16,0.0286,-0.1717,0.2003
2016-09-19,0.0102,-0.1521,0.1623
2016-09-20,-0.0139,-0.1409,0.1270
2016-09-21,0.0432,-0.0671,0.1103
2016-09-22,0.0922,-0.0145,0.1067
2016-09-23,0.0984,-0.0066,0.1050
2016-09-26,0.0599,-0.0361,0.0960
2016-09-27,0.1128,0.0134,0.0993
2016-09-28,0.1593,0.0480,0.1113
2016-09-29,0.1437,0.0259,0.1178
2016-09-30,0.1458,0.0224,0.1234
2016-10-03,0.1314,0.0064,0.1250
2016-10-04,0.1043,-0.0166,0.1209
2016-10-05,0.1138,-0.0057,0.1195
2016-10-06,0.1279,0.0067,0.1211
2016-10-07,0.1422,0.0169,0.1254
2016-10-10,0.1710,0.0365,0.1345
2016-10-11,0.1238,-0.0085,0.1324
2016-10-12,0.0791,-0.0426,0.1217
2016-10-13,0.0279,-0.0750,0.1029
2016-10-14,0.0274,-0.0604,0.0878
2016-10-17,0.0108,-0.0617,0.0724
2016-10-18,0.0327,-0.0318,0.0645
2016-10-19,0.0391,-0.0203,0.0594
2016-10-20,0.0214,-0.0304,0.0518
2016-10-21,0.1995,0.1182,0.0813
2016-10-24,0.4437,0.2899,0.1538
2016-10-25,0.6291,0.3802,0.2489
2016-10-26,0.7385,0.3917,0.3468
2016-10-27,0.7735,0.3414,0.4321
2016-10-28,0.7738,0.2733,0.5005
2016-10-31,0.7692,0.2150,0.5542
2016-11-01,0.7472,0.1544,0.5928
2016-11-02,0.6920,0.0793,0.6127
2016-11-03,0.6233,0.0085,0.6148
2016-11-04,0.5225,-0.0738,0.5963
2016-11-07,0.5739,-0.0179,0.5918
2016-11-08,0.6117,0.0159,0.5958
2016-11-09,0.6104,0.0117,0.5987
2016-11-10,0.4852,-0.0909,0.5760
2016-11-11,0.4070,-0.1352,0.5422
2016-11-14,0.2694,-0.2183,0.4877
2016-11-15,0.2183,-0.2155,0.4338
2016-11-16,0.2380,-0.1566,0.3946
2016-11-17,0.3297,-0.0519,0.3816
2016-11-18,0.3747,-0.0056,0.3802
2016-11-21,0.4463,0.0528,0.3935
2016-11-22,0.5181,0.0997,0.4184
2016-11-23,0.5110,0.0741,0.4369
2016-11-25,0.5100,0.0585,0.4515
2016-11-28,0.5097,0.0466,0.4632
2016-11-29,0.5420,0.0631,0.4789
2016-11-30,0.4950,0.0128,0.4821
2016-12-01,0.3679,-0.0914,0.4593
2016-12-02,0.2681,-0.1529,0.4211
2016-12-05,0.2643,-0.1254,0.3897
2016-12-06,0.2367,-0.1224,0.3591
2016-12-07,0.3257,-0.0267,0.3524
2016-12-08,0.3630,0.0084,0.3545
2016-12-09,0.4646,0.0881,0.3766
2016-12-12,0.5549,0.1427,0.4122
2016-12-13,0.6840,0.2174,0.4666
2016-12-14,0.7534,0.2294,0.5239
2016-12-15,0.7912,0.2138,0.5774
2016-12-16,0.7894,0.1696,0.6198
2016-12-19,0.8844,0.2117,0.6727
2016-12-20,0.9423,0.2157,0.7266
2016-12-21,0.9769,0.2002,0.7767
2016-12-22,0.9937,0.1736,0.8201
2016-12-23,0.9708,0.1206,0.8502
2016-12-27,0.9450,0.0758,0.8692
2016-12-28,0.8909,0.0174,0.8735
2016-12-29,0.8312,-0.0339,0.8651
2016-12-30,0.7143,-0.1206,0.8349
2017-01-03,0.6496,-0.1482,0.7979
2017-01-04,0.5693,-0.1829,0.7521
2017-01-05,0.4998,-0.2019,0.7017
2017-01-06,0.4828,-0.1751,0.6579
2017-01-09,0.4480,-0.1679,0.6159
2017-01-10,0.4140,-0.1615,0.5755
2017-01-11,0.4281,-0.1179,0.5461
2017-01-12,0.3881,-0.1264,0.5145
2017-01-13,0.3594,-0.1240,0.4835
2017-01-17,0.3193,-0.1313,0.4506
2017-01-18,0.2819,-0.1350,0.4169
2017-01-19,0.2334,-0.1468,0.3802
2017-01-20,0.2278,-0.1219,0.3497
2017-01-23,0.2384,-0.0890,0.3275
2017-01-24,0.2887,-0.0310,0.3197
2017-01-25,0.3375,0.0143,0.3233
2017-01-26,0.4190,0.0766,0.3424
2017-01-27,0.5985,0.2049,0.3936
2017-01-30,0.6805,0.2295,0.4510
2017-01-31,0.6987,0.1982,0.5006
2017-02-01,0.6196,0.0953,0.5244
2017-02-02,0.5179,-0.0052,0.5231
2017-02-03,0.4730,-0.0401,0.5131
2017-02-06,0.4292,-0.0671,0.4963
2017-02-07,0.3733,-0.0984,0.4717
2017-02-08,0.3181,-0.1229,0.4410
2017-02-09,0.3286,-0.0899,0.4185
2017-02-10,0.3283,-0.0722,0.4005
2017-02-13,0.3817,-0.0150,0.3967
2017-02-14,0.4073,0.0085,0.3988
2017-02-15,0.4195,0.0166,0.4030
2017-02-16,0.4235,0.0164,0.4071
2017-02-17,0.4298,0.0182,0.4116
2017-02-21,0.4194,0.0062,0.4132
2017-02-22,0.3962,-0.0136,0.4098
2017-02-23,0.3942,-0.0125,0.4067
2017-02-24,0.3881,-0.0148,0.4029
2017-02-27,0.3478,-0.0441,0.3919
2017-02-28,0.2924,-0.0796,0.3720
2017-03-01,0.3222,-0.0399,0.3620
2017-03-02,0.2676,-0.0755,0.3432
2017-03-03,0.2410,-0.0817,0.3227
2017-03-06,0.2190,-0.0830,0.3020
2017-03-07,0.2096,-0.0739,0.2835
2017-03-08,0.2470,-0.0292,0.2762
2017-03-09,0.2527,-0.0188,0.2715
2017-03-10,0.2702,-0.0010,0.2712
2017-03-13,0.2633,-0.0063,0.2697
2017-03-14,0.2310,-0.0309,0.2619
2017-03-15,0.2302,-0.0254,0.2556
2017-03-16,0.2181,-0.0300,0.2481
2017-03-17,0.2245,-0.0188,0.2434
2017-03-20,0.2318,-0.0093,0.2411
2017-03-21,0.1774,-0.0509,0.2283
2017-03-22,0.1982,-0.0241,0.2223
2017-03-23,0.1994,-0.0183,0.2177
2017-03-24,0.2069,-0.0086,0.2156
2017-03-27,0.2200,0.0035,0.2164
2017-03-28,0.2429,0.0212,0.2217
2017-03-29,0.2724,0.0405,0.2319
2017-03-30,0.3116,0.0638,0.2478
2017-03-31,0.3507,0.0823,0.2684
2017-04-03,0.3526,0.0674,0.2852
2017-04-04,0.3645,0.0634,0.3011
2017-04-05,0.3560,0.0440,0.3121
2017-04-06,0.3589,0.0375,0.3214
2017-04-07,0.3531,0.0253,0.3278
2017-04-10,0.3326,0.0038,0.3287
2017-04-11,0.3087,-0.0160,0.3247
2017-04-12,0.2665,-0.0466,0.3131
2017-04-13,0.2081,-0.0840,0.2921
2017-04-17,0.2023,-0.0719,0.2741
2017-04-18,0.1882,-0.0687,0.2569
2017-04-19,0.1471,-0.0879,0.2350
2017-04-20,0.1499,-0.0680,0.2180
2017-04-21,0.2222,0.0034,0.2188
2017-04-24,0.3665,0.1181,0.2483
2017-04-25,0.5064,0.2065,0.3000
2017-04-26,0.6031,0.2425,0.3606
2017-04-27,0.7071,0.2772,0.4299
2017-04-28,0.7957,0.2926,0.5031
2017-05-01,0.9318,0.3430,0.5888
2017-05-02,1.0191,0.3442,0.6749
2017-05-03,1.0582,0.3067,0.7515
2017-05-04,1.0553,0.2431,0.8123
2017-05-05,1.0562,0.1951,0.8611
2017-05-08,1.0401,0.1432,0.8969
2017-05-09,1.0235,0.1013,0.9222
2017-05-10,1.0205,0.0786,0.9419
2017-05-11,0.9386,-0.0026,0.9412
2017-05-12,0.8574,-0.0670,0.9245
2017-05-15,0.7880,-0.1091,0.8972
2017-05-16,0.8028,-0.0755,0.8783
2017-05-17,0.6513,-0.1816,0.8329
2017-05-18,0.5436,-0.2315,0.7750
2017-05-19,0.4514,-0.2590,0.7103
2017-05-22,0.4346,-0.2206,0.6552
2017-05-23,0.4348,-0.1763,0.6111
2017-05-24,0.4373,-0.1391,0.5763
2017-05-25,0.5020,-0.0595,0.5615
2017-05-26,0.5741,0.0101,0.5640
2017-05-30,0.6599,0.0768,0.5832
2017-05-31,0.6742,0.0728,0.6014
2017-06-01,0.6985,0.0777,0.6208
2017-06-02,0.8419,0.1769,0.6650
2017-06-05,0.9862,0.2569,0.7293
2017-06-06,1.1071,0.3023,0.8048
2017-06-07,1.1789,0.2993,0.8796
2017-06-08,1.1866,0.2456,0.9410
2017-06-09,1.0491,0.0864,0.9626
2017-06-12,0.8863,-0.0611,0.9474
2017-06-13,0.8181,-0.1034,0.9215
2017-06-14,0.7250,-0.1572,0.8822
2017-06-15,0.6143,-0.2144,0.8286
2017-06-16,0.5285,-0.2401,0.7686
2017-06-19,0.5247,-0.1951,0.7198
2017-06-20,0.4391,-0.2245,0.6637
2017-06-21,0.3958,-0.2143,0.6101
2017-06-22,0.3566,-0.2028,0.5594
2017-06-23,0.3976,-0.1295,0.5270
2017-06-26,0.3709,-0.1249,0.4958
2017-06-27,0.2405,-0.2043,0.4447
2017-06-28,0.1826,-0.2097,0.3923
2017-06-29,0.0307,-0.2893,0.3200
2017-06-30,-0.0536,-0.2989,0.2453
2017-07-03,-0.1796,-0.3399,0.1603
2017-07-05,-0.2037,-0.2912,0.0875
2017-07-06,-0.2610,-0.2788,0.0178
2017-07-07,-0.2319,-0.1997,-0.0321
2017-07-10,-0.1649,-0.1062,-0.0587
2017-07-11,-0.1098,-0.0409,-0.0689
2017-07-12,0.0272,0.0769,-0.0497
2017-07-13,0.1836,0.1867,-0.0030
2017-07-14,0.3847,0.3102,0.0745
2017-07-17,0.5833,0.4070,0.1763
2017-07-18,0.7283,0.4416,0.2867
2017-07-19,0.8782,0.4733,0.4050
2017-07-20,1.0144,0.4876,0.5269
2017-07-21,1.0753,0.4387,0.6365
2017-07-24,1.0955,0.3672,0.7283
2017-07-25,1.1460,0.3341,0.8119
2017-07-26,1.1613,0.2795,0.8818
2017-07-27,1.0890,0.1658,0.9232
2017-07-28,1.0105,0.0698,0.9407
2017-07-31,0.9103,-0.0243,0.9346
2017-08-01,0.8118,-0.0982,0.9100
2017-08-02,0.6999,-0.1681,0.8680
2017-08-03,0.5954,-0.2180,0.8135
2017-08-04,0.5491,-0.2115,0.7606
2017-08-07,0.4842,-0.2211,0.7053
2017-08-08,0.4590,-0.1971,0.6561
2017-08-09,0.4084,-0.1981,0.6065
2017-08-10,0.2796,-0.2615,0.5412
2017-08-11,0.2625,-0.2229,0.4854
2017-08-14,0.3330,-0.1219,0.4549
2017-08-15,0.3549,-0.0800,0.4349
2017-08-16,0.4024,-0.0260,0.4284
2017-08-17,0.3353,-0.0745,0.4098
2017-08-18,0.2860,-0.0990,0.3850
2017-08-21,0.2171,-0.1344,0.3514
2017-08-22,0.2411,-0.0882,0.3294
2017-08-23,0.2222,-0.0858,0.3079
2017-08-24,0.2024,-0.0845,0.2868
2017-08-25,0.1949,-0.0735,0.2684
2017-08-28,0.1876,-0.0646,0.2523
2017-08-29,0.1974,-0.0439,0.2413
2017-08-30,0.2793,0.0304,0.2489
2017-08-31,0.4010,0.1217,0.2793
2017-09-01,0.4255,0.1169,0.3086
2017-09-05,0.4135,0.0840,0.3295
2017-09-06,0.3827,0.0425,0.3402
2017-09-07,0.4292,0.0712,0.3580
2017-09-08,0.4320,0.0592,0.3728
2017-09-11,0.4915,0.0949,0.3965
2017-09-12,0.5261,0.1037,0.4224
2017-09-13,0.5895,0.1337,0.4558
2017-09-14,0.5974,0.1132,0.4842
2017-09-15,0.6398,0.1245,0.5153
2017-09-18,0.6538,0.1108,0.5430
2017-09-19,0.6796,0.1093,0.5703
2017-09-20,0.6523,0.0656,0.5867
2017-09-21,0.5651,-0.0173,0.5824
2017-09-22,0.5064,-0.0608,0.5672
2017-09-25,0.3629,-0.1635,0.5263
2017-09-26,0.2463,-0.2240,0.4703
2017-09-27,0.1992,-0.2169,0.4161
2017-09-28,0.1616,-0.2036,0.3652
2017-09-29,0.1798,-0.1483,0.3281
2017-10-02,0.2016,-0.1012,0.3028
2017-10-03,0.1884,-0.0915,0.2799
2017-10-04,0.2103,-0.0557,0.2660
2017-10-05,0.3271,0.0489,0.2782
2017-10-06,0.4173,0.1113,0.3060
2017-10-09,0.5063,0.1602,0.3461
2017-10-10,0.5703,0.1794,0.3909
2017-10-11,0.6243,0.1867,0.4376
2017-10-12,0.7154,0.2222,0.4932
2017-10-13,0.8081,0.2519,0.5561
2017-10-16,0.8842,0.2625,0.6218
2017-10-17,0.9291,0.2458,0.6832
2017-10-18,0.9552,0.2176,0.7376
2017-10-19,0.9887,0.2009,0.7878
2017-10-20,1.0755,0.2301,0.8454
2017-10-23,1.1328,0.2300,0.9029
2017-10-24,1.1672,0.2115,0.9557
2017-10-25,1.1625,0.1654,0.9971
2017-10-26,1.1560,0.1271,1.0289
2017-10-27,1.5405,0.4093,1.1312
2017-10-30,1.8306,0.5595,1.2711
2017-10-31,1.9804,0.5675,1.4129
2017-11-01,2.0752,0.5298,1.5454
2017-11-02,2.1952,0.5198,1.6753
2017-11-03,2.2714,0.4768,1.7946
2017-11-06,2.3315,0.4296,1.9019
2017-11-07,2.3361,0.3473,1.9888
2017-11-08,2.3362,0.2780,2.0583
2017-11-09,2.2722,0.1711,2.1011
2017-11-10,2.1786,0.0620,2.1166
2017-11-13,2.0852,-0.0251,2.1103
2017-11-14,1.9978,-0.0900,2.0878
2017-11-15,1.8213,-0.2132,2.0345
2017-11-16,1.6797,-0.2838,1.9635
2017-11-17,1.4859,-0.3821,1.8680
2017-11-20,1.3274,-0.4325,1.7599
2017-11-21,1.2831,-0.3814,1.6645
2017-11-22,1.1851,-0.3836,1.5687
2017-11-24,1.1068,-0.3695,1.4763
2017-11-27,1.0814,-0.3159,1.3973
2017-11-28,1.1298,-0.2140,1.3438
2017-11-29,1.0320,-0.2494,1.2815
2017-11-30,1.0099,-0.2173,1.2271
2017-12-01,0.9882,-0.1912,1.1793
2017-12-04,0.7062,-0.3785,1.0847
2017-12-05,0.5180,-0.4534,0.9714
2017-12-06,0.4595,-0.4095,0.8690
2017-12-07,0.3853,-0.3869,0.7723
2017-12-08,0.4560,-0.2530,0.7090
2017-12-11,0.5916,-0.0939,0.6855
2017-12-12,0.7190,0.0268,0.6922
2017-12-13,0.7922,0.0800,0.7122
2017-12-14,0.7880,0.0606,0.7274
2017-12-15,0.9479,0.1765,0.7715
2017-12-18,1.0250,0.2028,0.8222
2017-12-19,1.0298,0.1661,0.8637
2017-12-20,0.9971,0.1067,0.8904
2017-12-21,0.9585,0.0545,0.9040
2017-12-22,0.9182,0.0113,0.9068
2017-12-26,0.8673,-0.0316,0.8989
2017-12-27,0.8423,-0.0453,0.8876
2017-12-28,0.8139,-0.0589,0.8729
2017-12-29,0.7680,-0.0839,0.8519
2018-01-02,0.7561,-0.0767,0.8327
2018-01-03,0.7700,-0.0502,0.8202
2018-01-04,0.8327,0.0100,0.8227
2018-01-05,0.9585,0.1087,0.8499
2018-01-08,1.0534,0.1628,0.8906
2018-01-09,1.1109,0.1763,0.9346
2018-01-10,1.1114,0.1414,0.9700
2018-01-11,1.1198,0.1199,0.9999
2018-01-12,1.2349,0.1880,1.0469
2018-01-16,1.2113,0.1315,1.0798
2018-01-17,1.3219,0.1936,1.1282
2018-01-18,1.3902,0.2096,1.1806
2018-01-19,1.4199,0.1914,1.2285
2018-01-22,1.5554,0.2615,1.2939
2018-01-23,1.6670,0.2985,1.3685
2018-01-24,1.7290,0.2884,1.4406
2018-01-25,1.7986,0.2864,1.5122
2018-01-26,1.9707,0.3668,1.6039
2018-01-29,2.0718,0.3743,1.6975
2018-01-30,2.0333,0.2687,1.7647
2018-01-31,2.1611,0.3172,1.8439
2018-02-01,2.1767,0.2662,1.9105
2018-02-02,1.9664,0.0447,1.9217
2018-02-05,1.4776,-0.3553,1.8329
2018-02-06,1.3434,-0.3915,1.7350
2018-02-07,1.0858,-0.5193,1.6051
2018-02-08,0.5046,-0.8804,1.3850
2018-02-09,0.2964,-0.8709,1.1673
2018-02-12,0.2057,-0.7693,0.9750
2018-02-13,0.1882,-0.6295,0.8176
2018-02-14,0.2504,-0.4538,0.7042
2018-02-15,0.4439,-0.2082,0.6521
2018-02-16,0.5378,-0.0915,0.6293
2018-02-20,0.6627,0.0267,0.6360
2018-02-21,0.6549,0.0151,0.6397
2018-02-22,0.6604,0.0165,0.6439
2018-02-23,0.8431,0.1594,0.6837
2018-02-26,1.0851,0.3211,0.7640
2018-02-27,1.1650,0.3208,0.8442
2018-02-28,1.1801,0.2687,0.9114
2018-03-01,1.1050,0.1549,0.9501
2018-03-02,1.0496,0.0796,0.9700
2018-03-05,1.0412,0.0570,0.9842
2018-03-06,0.9973,0.0105,0.9868
2018-03-07,0.9946,0.0062,0.9884
2018-03-08,1.0266,0.0306,0.9960
2018-03-09,1.2083,0.1698,1.0385
2018-03-12,1.3553,0.2534,1.1019
2018-03-13,1.2667,0.1319,1.1348
2018-03-14,1.1382,0.0027,1.1355
2018-03-15,1.0508,-0.0677,1.1186
2018-03-16,1.0040,-0.0917,1.0956
2018-03-19,0.8194,-0.2210,1.0404
2018-03-20,0.6846,-0.2847,0.9692
2018-03-21,0.5193,-0.3600,0.8792
2018-03-22,0.1693,-0.5680,0.7372
2018-03-23,-0.3151,-0.8418,0.5268
2018-03-26,-0.1645,-0.5530,0.3885
2018-03-27,-0.3884,-0.6215,0.2331
2018-03-28,-0.5658,-0.6392,0.0734
2018-03-29,-0.5484,-0.4974,-0.0510
2018-04-02,-0.7479,-0.5575,-0.1904
2018-04-03,-0.8007,-0.4883,-0.3124
2018-04-04,-0.6239,-0.2492,-0.3747
2018-04-05,-0.4744,-0.0797,-0.3947
2018-04-06,-0.5233,-0.1029,-0.4204
2018-04-09,-0.5126,-0.0738,-0.4388
2018-04-10,-0.3300,0.0870,-0.4171
2018-04-11,-0.2646,0.1220,-0.3866
2018-04-12,-0.0731,0.2508,-0.3239
2018-04-13,0.0378,0.2894,-0.2516
2018-04-16,0.2113,0.3703,-0.1590
2018-04-17,0.4963,0.5243,-0.0279
2018-04-18,0.7435,0.6172,0.1264
2018-04-19,0.9024,0.6208,0.2816
2018-04-20,0.9281,0.5172,0.4109
2018-04-23,0.9655,0.4437,0.5218
2018-04-24,0.8059,0.2273,0.5786
2018-04-25,0.6071,0.0228,0.5843
2018-04-26,0.6000,0.0125,0.5875
2018-04-27,0.7120,0.0996,0.6124
2018-04-30,0.6082,-0.0033,0.6115
2018-05-01,0.6380,0.0212,0.6168
2018-05-02,0.5352,-0.0653,0.6005
2018-05-03,0.4932,-0.0858,0.5790
2018-05-04,0.5417,-0.0299,0.5716
2018-05-07,0.6580,0.0692,0.5889
2018-05-08,0.7090,0.0961,0.6129
2018-05-09,0.8310,0.1745,0.6565
2018-05-10,0.9944,0.2704,0.7241
2018-05-11,1.0944,0.2963,0.7982
2018-05-14,1.1866,0.3108,0.8758
2018-05-15,1.1887,0.2503,0.9384
2018-05-16,1.1632,0.1798,0.9834
2018-05-17,1.0526,0.0554,0.9972
2018-05-18,0.9683,-0.0231,0.9914
2018-05-21,0.9902,-0.0010,0.9912
2018-05-22,0.9880,-0.0025,0.9906
2018-05-23,1.0676,0.0616,1.0060
2018-05-24,1.0899,0.0671,1.0228
2018-05-25,1.0989,0.0609,1.0380
2018-05-29,1.0655,0.0220,1.0435
2018-05-30,1.1022,0.0470,1.0552
2018-05-31,1.1096,0.0435,1.0661
2018-06-01,1.2584,0.1538,1.1046
2018-06-04,1.4307,0.2609,1.1698
2018-06-05,1.5910,0.3369,1.2540
2018-06-06,1.7223,0.3746,1.3477
2018-06-07,1.6771,0.2636,1.4136
2018-06-08,1.6825,0.2151,1.4674
2018-06-11,1.6212,0.1231,1.4981
2018-06-12,1.5755,0.0619,1.5136
2018-06-13,1.4850,-0.0229,1.5079
2018-06-14,1.4427,-0.0522,1.4948
2018-06-15,1.2901,-0.1638,1.4539
2018-06-18,1.2142,-0.1918,1.4059
2018-06-19,1.1408,-0.2121,1.3529
2018-06-20,1.1509,-0.1616,1.3125
2018-06-21,1.0875,-0.1800,1.2675
2018-06-22,0.9671,-0.2403,1.2074
2018-06-25,0.7007,-0.4054,1.1061
2018-06-26,0.5390,-0.4537,0.9927
2018-06-27,0.2834,-0.5675,0.8508
2018-06-28,0.1668,-0.5472,0.7140
2018-06-29,0.0719,-0.5137,0.5856
2018-07-02,0.1085,-0.3817,0.4902
2018-07-03,0.0593,-0.3447,0.4040
2018-07-05,0.0767,-0.2618,0.3385
2018-07-06,0.2012,-0.1099,0.3111
2018-07-09,0.3515,0.0323,0.3192
2018-07-10,0.4867,0.1341,0.3527
2018-07-11,0.5760,0.1787,0.3973
2018-07-12,0.8157,0.3347,0.4810
2018-07-13,1.0930,0.4896,0.6034
2018-07-16,1.2564,0.5224,0.7340
2018-07-17,1.4531,0.5753,0.8778
2018-07-18,1.5244,0.5173,1.0071
2018-07-19,1.5055,0.3987,1.1068
2018-07-20,1.6226,0.4127,1.2100
2018-07-23,1.8316,0.4973,1.3343
2018-07-24,1.9497,0.4923,1.4574
2018-07-25,2.2728,0.6524,1.6205
2018-07-26,2.4036,0.6265,1.7771
2018-07-27,2.3239,0.4375,1.8865
2018-07-30,2.0507,0.1314,1.9193
2018-07-31,1.8700,-0.0395,1.9094
2018-08-01,1.7230,-0.1492,1.8722
2018-08-02,1.6911,-0.1448,1.8359
2018-08-03,1.6843,-0.1213,1.8056
2018-08-06,1.6670,-0.1109,1.7779
2018-08-07,1.6943,-0.0669,1.7612
2018-08-08,1.7450,-0.0129,1.7579
2018-08-09,1.7792,0.0170,1.7622
2018-08-10,1.7323,-0.0239,1.7562
2018-08-13,1.6128,-0.1148,1.7275
2018-08-14,1.6084,-0.0953,1.7037
2018-08-15,1.4351,-0.2148,1.6500
2018-08-16,1.2814,-0.2949,1.5763
2018-08-17,1.1416,-0.3477,1.4893
2018-08-20,0.9624,-0.4216,1.3840
2018-08-21,0.7400,-0.5151,1.2552
2018-08-22,0.6435,-0.4893,1.1328
2018-08-23,0.6005,-0.4259,1.0264
2018-08-24,0.6269,-0.3196,0.9465
2018-08-27,0.7362,-0.1682,0.9044
2018-08-28,0.8661,-0.0307,0.8968
2018-08-29,1.0984,0.1613,0.9371
2018-08-30,1.2623,0.2602,1.0021
2018-08-31,1.4066,0.3236,1.0830
2018-09-04,1.4542,0.2970,1.1573
2018-09-05,1.2181,0.0486,1.1694
2018-09-06,1.0391,-0.1042,1.1434
2018-09-07,0.8448,-0.2389,1.0837
2018-09-10,0.7763,-0.2459,1.0222
2018-09-11,0.8621,-0.1281,0.9902
2018-09-12,0.9570,-0.0265,0.9835
2018-09-13,1.1162,0.1061,1.0101
2018-09-14,1.2649,0.2038,1.0610
2018-09-17,1.2688,0.1662,1.1026
2018-09-18,1.3428,0.1922,1.1506
2018-09-19,1.2650,0.0915,1.1735
2018-09-20,1.3389,0.1323,1.2066
2018-09-21,1.4365,0.1839,1.2526
2018-09-24,1.5293,0.2214,1.3079
2018-09-25,1.5670,0.2073,1.3597
2018-09-26,1.5413,0.1452,1.3960
2018-09-27,1.5378,0.1134,1.4244
2018-09-28,1.5144,0.0720,1.4424
2018-10-01,1.5777,0.1082,1.4694
2018-10-02,1.5726,0.0825,1.4901
2018-10-03,1.5523,0.0498,1.5025
2018-10-04,1.3288,-0.1389,1.4678
2018-10-05,1.0860,-0.3054,1.3914
2018-10-08,0.7812,-0.4882,1.2694
2018-10-09,0.6460,-0.4987,1.1447
2018-10-10,0.0461,-0.8789,0.9250
2018-10-11,-0.4443,-1.0955,0.6511
2018-10-12,-0.5316,-0.9462,0.4146
2018-10-15,-0.7510,-0.9325,0.1815
2018-10-16,-0.6432,-0.6597,0.0165
2018-10-17,-0.5745,-0.4728,-0.1017
2018-10-18,-0.6904,-0.4710,-0.2194
2018-10-19,-0.7606,-0.4330,-0.3277
2018-10-22,-0.7296,-0.3215,-0.4080
2018-10-23,-0.8190,-0.3287,-0.4902
2018-10-24,-1.3408,-0.6804,-0.6603
2018-10-25,-1.2573,-0.4775,-0.7797
2018-10-26,-1.2844,-0.4038,-0.8807
2018-10-29,-1.5391,-0.5268,-1.0124
2018-10-30,-1.7307,-0.5747,-1.1560
2018-10-31,-1.6154,-0.3675,-1.2479
2018-11-01,-1.5777,-0.2638,-1.3139
2018-11-02,-1.5110,-0.1577,-1.3533
2018-11-05,-1.3338,0.0156,-1.3494
2018-11-06,-1.1631,0.1491,-1.3121
2018-11-07,-0.6778,0.5075,-1.1853
2018-11-08,-0.3066,0.7029,-1.0095
2018-11-09,-0.1862,0.6587,-0.8449
2018-11-12,-0.3051,0.4318,-0.7369
2018-11-13,-0.3893,0.2781,-0.6674
2018-11-14,-0.6079,0.0476,-0.6555
2018-11-15,-0.5880,0.0540,-0.6420
2018-11-16,-0.4851,0.1255,-0.6106
2018-11-19,-0.6917,-0.0649,-0.6268
2018-11-20,-1.0779,-0.3608,-0.7170
2018-11-21,-1.2565,-0.4315,-0.8249
2018-11-23,-1.3852,-0.4482,-0.9370
2018-11-26,-1.1991,-0.2097,-0.9894
2018-11-27,-0.9862,0.0026,-0.9888
2018-11-28,-0.4906,0.3985,-0.8891
2018-11-29,-0.1710,0.5745,-0.7455
2018-11-30,0.1373,0.7062,-0.5690
2018-12-03,0.4729,0.8335,-0.3606
2018-12-04,0.4457,0.6450,-0.1993
2018-12-06,0.4728,0.5377,-0.0649
2018-12-07,0.1400,0.1639,-0.0239
2018-12-10,0.0986,0.0980,0.0006
2018-12-11,0.1449,0.1154,0.0294
2018-12-12,0.2185,0.1513,0.0673
2018-12-13,0.3033,0.1888,0.1145
2018-12-14,0.0934,-0.0169,0.1103
2018-12-17,-0.3226,-0.3463,0.0237
2018-12-18,-0.5587,-0.4659,-0.0928
2018-12-19,-0.7596,-0.5335,-0.2262
2018-12-20,-1.0823,-0.6849,-0.3974
2018-12-21,-1.5844,-0.9496,-0.6348
2018-12-24,-2.2868,-1.3216,-0.9652
2018-12-26,-2.2982,-1.0664,-1.2318
2018-12-27,-2.2314,-0.7997,-1.4317
2018-12-28,-2.2167,-0.6280,-1.5887
