,Real Lower Band,Real Middle Band,Real Upper Band
2010-01-04,29.2202,30.3333,31.4465
2010-01-05,29.2673,30.3871,31.5070
2010-01-06,29.3091,30.4248,31.5404
2010-01-07,29.3773,30.4563,31.5353
2010-01-08,29.5024,30.5082,31.5140
2010-01-11,29.5871,30.5349,31.4826
2010-01-12,29.6198,30.5444,31.4690
2010-01-13,29.6919,30.5682,31.4445
2010-01-14,29.7423,30.6087,31.4751
2010-01-15,29.8178,30.6487,31.4795
2010-01-19,29.8822,30.6963,31.5103
2010-01-20,30.0895,30.7432,31.3969
2010-01-21,30.0190,30.7265,31.4341
2010-01-22,29.6203,30.6522,31.6842
2010-01-25,29.4073,30.5808,31.7543
2010-01-26,29.2644,30.5132,31.7620
2010-01-27,29.1717,30.4499,31.7280
2010-01-28,29.0069,30.3541,31.7014
2010-01-29,28.6464,30.2013,31.7562
2010-02-01,28.3886,30.0799,31.7711
2010-02-02,28.1691,29.9837,31.7982
2010-02-03,28.0253,29.8732,31.7211
2010-02-04,27.7526,29.7246,31.6967
2010-02-05,27.5527,29.5937,31.6347
2010-02-08,27.3127,29.4636,31.6145
2010-02-09,27.1712,29.3374,31.5036
2010-02-10,27.0321,29.2288,31.4255
2010-02-11,26.9245,29.1360,31.3474
2010-02-12,26.8222,29.0207,31.2192
2010-02-16,26.8615,28.8964,30.9314
2010-02-17,26.9505,28.7883,30.6262
2010-02-18,27.1621,28.6869,30.2116
2010-02-19,27.3315,28.6004,29.8693
2010-02-22,27.4349,28.5395,29.6440
2010-02-23,27.4181,28.5095,29.6008
2010-02-24,27.4449,28.4766,29.5083
2010-02-25,27.5062,28.4338,29.3614
2010-02-26,27.6306,28.3861,29.1417
2010-03-01,27.6493,28.3795,29.1097
2010-03-02,27.6674,28.3928,29.1182
2010-03-03,27.6693,28.3952,29.1211
2010-03-04,27.6709,28.4033,29.1357
2010-03-05,27.6712,28.4013,29.1313
2010-03-08,27.7480,28.4389,29.1298
2010-03-09,27.7954,28.4760,29.1566
2010-03-10,27.9137,28.5355,29.1574
2010-03-11,27.9582,28.5913,29.2243
2010-03-12,28.0160,28.6522,29.2884
2010-03-15,28.0630,28.7079,29.3528
2010-03-16,28.1721,28.7765,29.3809
2010-03-17,28.1633,28.8375,29.5117
2010-03-18,28.1463,28.8860,29.6257
2010-03-19,28.1177,28.9156,29.7135
2010-03-22,28.1092,28.9551,29.8011
2010-03-23,28.0842,29.0099,29.9356
2010-03-24,28.1611,29.0727,29.9844
2010-03-25,28.1669,29.1385,30.1100
2010-03-26,28.2244,29.1889,30.1534
2010-03-29,28.2830,29.2327,30.1824
2010-03-30,28.2973,29.2685,30.2396
2010-03-31,28.4064,29.3079,30.2093
2010-04-01,28.5194,29.3412,30.1630
2010-04-05,28.6126,29.3717,30.1308
2010-04-06,28.7322,29.4065,30.0809
2010-04-07,28.8614,29.4408,30.0203
2010-04-08,28.9557,29.4942,30.0326
2010-04-09,28.9620,29.5594,30.1568
2010-04-12,28.9596,29.6137,30.2678
2010-04-13,28.9447,29.6699,30.3951
2010-04-14,28.8888,29.7427,30.5966
2010-04-15,28.8527,29.8142,30.7756
2010-04-16,28.8402,29.8637,30.8872
2010-04-19,28.8004,29.9317,31.0631
2010-04-20,28.7441,30.0160,31.2880
2010-04-21,28.7246,30.0985,31.4724
2010-04-22,28.6955,30.1704,31.6453
2010-04-23,28.7405,30.2328,31.7251
2010-04-26,28.7512,30.2852,31.8192
2010-04-27,28.8166,30.3416,31.8666
2010-04-28,28.8998,30.4045,31.9091
2010-04-29,28.9660,30.4632,31.9604
2010-04-30,29.1207,30.5226,31.9244
2010-05-03,29.3358,30.6035,31.8712
2010-05-04,29.5024,30.6445,31.7865
2010-05-05,29.6267,30.6697,31.7127
2010-05-06,29.5125,30.6521,31.7917
2010-05-07,29.0521,30.5707,32.0892
2010-05-10,28.8353,30.5040,32.1727
2010-05-11,28.6294,30.4354,32.2415
2010-05-12,28.5323,30.3873,32.2424
2010-05-13,28.4059,30.3121,32.2183
2010-05-14,28.2438,30.2197,32.1956
2010-05-17,28.1001,30.1373,32.1745
2010-05-18,27.9251,30.0211,32.1170
2010-05-19,27.7354,29.8725,32.0096
2010-05-20,27.3362,29.6715,32.0067
2010-05-21,26.9587,29.4548,31.9508
2010-05-24,26.4871,29.2315,31.9758
2010-05-25,26.0704,28.9915,31.9125
2010-05-26,25.4596,28.7136,31.9676
2010-05-27,25.1853,28.4798,31.7743
2010-05-28,24.9513,28.2320,31.5128
2010-06-01,24.7547,28.0108,31.2669
2010-06-02,24.7454,27.8013,30.8572
2010-06-03,24.7512,27.6456,30.5399
2010-06-04,24.6313,27.4523,30.2733
2010-06-07,24.3990,27.2765,30.1541
2010-06-08,24.1421,27.1289,30.1158
2010-06-09,23.9011,26.9313,29.9616
2010-06-10,23.7410,26.7465,29.7521
2010-06-11,23.7833,26.5665,29.3498
2010-06-14,23.8433,26.3882,28.9331
2010-06-15,23.9954,26.2764,28.5575
2010-06-16,24.2049,26.1517,28.0984
2010-06-17,24.4286,26.0456,27.6626
2010-06-18,24.6570,25.9599,27.2628
2010-06-21,24.7074,25.9046,27.1019
2010-06-22,24.7313,25.8537,26.9761
2010-06-23,24.6786,25.8079,26.9371
2010-06-24,24.5839,25.7569,26.9300
2010-06-25,24.4879,25.7342,26.9805
2010-06-28,24.2752,25.6537,27.0322
2010-06-29,23.8363,25.5351,27.2340
2010-06-30,23.3976,25.3980,27.3984
2010-07-01,23.0863,25.2409,27.3954
2010-07-02,22.8869,25.0699,27.2529
2010-07-06,22.7559,24.9761,27.1963
2010-07-07,22.6954,24.9290,27.1625
2010-07-08,22.6530,24.8956,27.1382
2010-07-09,22.6127,24.8708,27.1290
2010-07-12,22.6053,24.8627,27.1202
2010-07-13,22.6045,24.8375,27.0705
2010-07-14,22.6049,24.8349,27.0649
2010-07-15,22.6702,24.7838,26.8975
2010-07-16,22.7153,24.7157,26.7161
2010-07-19,22.7855,24.6614,26.5373
2010-07-20,22.8734,24.6157,26.3580
2010-07-21,22.9213,24.5762,26.2311
2010-07-22,22.9147,24.5795,26.2443
2010-07-23,22.8840,24.6034,26.3229
2010-07-26,22.8276,24.6558,26.4840
2010-07-27,22.7978,24.7333,26.6688
2010-07-28,22.8190,24.8114,26.8038
2010-07-29,23.0029,24.9409,26.8790
2010-07-30,23.3083,25.0743,26.8402
2010-08-02,23.6035,25.2252,26.8469
2010-08-03,23.9513,25.3628,26.7743
2010-08-04,24.2162,25.4538,26.6914
2010-08-05,24.3783,25.5047,26.6312
2010-08-06,24.5446,25.5590,26.5735
2010-08-09,24.7881,25.6229,26.4576
2010-08-10,24.8376,25.6343,26.4310
2010-08-11,24.7849,25.6214,26.4580
2010-08-12,24.6122,25.5762,26.5401
2010-08-13,24.4367,25.5233,26.6099
2010-08-16,24.3635,25.5048,26.6460
2010-08-17,24.2943,25.4800,26.6657
2010-08-18,24.2300,25.4486,26.6671
2010-08-19,24.1302,25.4162,26.7022
2010-08-20,23.9742,25.3395,26.7049
2010-08-23,23.8473,25.2667,26.6860
2010-08-24,23.7090,25.1686,26.6282
2010-08-25,23.6137,25.0705,26.5273
2010-08-26,23.4752,24.9690,26.4629
2010-08-27,23.3916,24.8690,26.3465
2010-08-30,23.2627,24.7657,26.2688
2010-08-31,23.2007,24.6293,26.0579
2010-09-01,23.2373,24.5217,25.8060
2010-09-02,23.2503,24.4364,25.6225
2010-09-03,23.2740,24.3850,25.4960
2010-09-07,23.3157,24.3093,25.3029
2010-09-08,23.4127,24.2293,25.0459
2010-09-09,23.4500,24.1788,24.9076
2010-09-10,23.4568,24.1307,24.8046
2010-09-13,23.3800,24.1602,24.9404
2010-09-14,23.3310,24.1902,25.0495
2010-09-15,23.2817,24.2195,25.1573
2010-09-16,23.2170,24.2490,25.2811
2010-09-17,23.1813,24.2681,25.3549
2010-09-20,23.1221,24.3152,25.5084
2010-09-21,23.1151,24.3590,25.6030
2010-09-22,23.1269,24.3748,25.6226
2010-09-23,23.1544,24.3933,25.6323
2010-09-24,23.1836,24.4255,25.6674
2010-09-27,23.2512,24.4689,25.6866
2010-09-28,23.3084,24.5045,25.7007
2010-09-29,23.4134,24.5455,25.6776
2010-09-30,23.5694,24.5943,25.6192
2010-10-01,23.6347,24.6171,25.5996
2010-10-04,23.6293,24.6157,25.6022
2010-10-05,23.6356,24.6186,25.6016
2010-10-06,23.6984,24.6410,25.5835
2010-10-07,23.7800,24.6695,25.5591
2010-10-08,23.8551,24.6962,25.5373
2010-10-11,23.9776,24.7314,25.4852
2010-10-12,23.9818,24.7181,25.4544
2010-10-13,23.9606,24.7329,25.5051
2010-10-14,23.9538,24.7383,25.5229
2010-10-15,23.9293,24.7483,25.5674
2010-10-18,23.8582,24.7769,25.6956
2010-10-19,23.8771,24.7612,25.6453
2010-10-20,23.8688,24.7688,25.6688
2010-10-21,23.8693,24.8074,25.7454
2010-10-22,23.9003,24.8525,25.8047
2010-10-25,23.9102,24.8723,25.8343
2010-10-26,23.8740,24.9279,25.9817
2010-10-27,23.8436,24.9932,26.1428
2010-10-28,23.8282,25.0780,26.3277
2010-10-29,23.7913,25.1815,26.5718
2010-11-01,23.7722,25.3039,26.8357
2010-11-02,23.8279,25.4696,27.1113
2010-11-03,23.9076,25.5973,27.2869
2010-11-04,23.9994,25.7263,27.4532
2010-11-05,24.1335,25.8368,27.5401
2010-11-08,24.2910,25.9435,27.5959
2010-11-09,24.4671,26.0558,27.6446
2010-11-10,24.6245,26.1563,27.6881
2010-11-11,24.7183,26.2201,27.7219
2010-11-12,24.8346,26.2696,27.7047
2010-11-15,24.9029,26.3011,27.6992
2010-11-16,24.9018,26.3006,27.6994
2010-11-17,24.9881,26.3230,27.6578
2010-11-18,25.0719,26.3481,27.6243
2010-11-19,25.1174,26.3610,27.6046
2010-11-22,25.1790,26.3777,27.5765
2010-11-23,25.1621,26.3744,27.5867
2010-11-24,25.0778,26.3492,27.6205
2010-11-26,24.9607,26.3111,27.6615
2010-11-29,24.8486,26.2649,27.6811
2010-11-30,24.7314,26.1979,27.6643
2010-12-01,24.7262,26.1545,27.5828
2010-12-02,24.7705,26.1307,27.4909
2010-12-03,24.7713,26.1302,27.4892
2010-12-06,24.7940,26.1160,27.4379
2010-12-07,24.7928,26.1169,27.4410
2010-12-08,24.7599,26.1369,27.5139
2010-12-09,24.7504,26.1431,27.5358
2010-12-10,24.7165,26.1621,27.6078
2010-12-13,24.6859,26.1890,27.6922
2010-12-14,24.6311,26.2533,27.8755
2010-12-15,24.5735,26.3319,28.0903
2010-12-16,24.5597,26.4356,28.3115
2010-12-17,24.6135,26.5467,28.4798
2010-12-20,24.6633,26.6406,28.6179
2010-12-21,24.7351,26.7539,28.7727
2010-12-22,24.8185,26.8710,28.9234
2010-12-23,25.0410,27.0224,29.0037
2010-12-27,25.2672,27.1510,29.0347
2010-12-28,25.5701,27.2824,28.9946
2010-12-29,25.9202,27.4090,28.8979
2010-12-30,26.3875,27.5325,28.6775
2010-12-31,26.6823,27.6215,28.5608
2011-01-03,26.7824,27.6735,28.5645
2011-01-04,26.8670,27.7243,28.5816
2011-01-05,27.0126,27.7795,28.5465
2011-01-06,27.0962,27.8724,28.6485
2011-01-07,27.1581,27.9376,28.7171
2011-01-10,27.3057,27.9919,28.6781
2011-01-11,27.4063,28.0286,28.6509
2011-01-12,27.5370,28.0907,28.6445
2011-01-13,27.6047,28.1179,28.6311
2011-01-14,27.6351,28.1393,28.6435
2011-01-18,27.6260,28.1713,28.7166
2011-01-19,27.6528,28.1983,28.7439
2011-01-20,27.7038,28.2242,28.7445
2011-01-21,27.6982,28.2218,28.7454
2011-01-24,27.7033,28.2310,28.7586
2011-01-25,27.7029,28.2381,28.7733
2011-01-26,27.6954,28.2719,28.8484
2011-01-27,27.6958,28.3129,28.9299
2011-01-28,27.6559,28.3024,28.9490
2011-01-31,27.6313,28.2965,28.9616
2011-02-01,27.6435,28.3004,28.9573
2011-02-02,27.6377,28.2985,28.9593
2011-02-03,27.5659,28.2777,28.9894
2011-02-04,27.5315,28.2667,29.0019
2011-02-07,27.5445,28.2371,28.9296
2011-02-08,27.5482,28.2220,28.8957
2011-02-09,27.5278,28.2100,28.8923
2011-02-10,27.4352,28.1810,28.9268
2011-02-11,27.2944,28.1191,28.9438
2011-02-14,27.1671,28.0734,28.9797
2011-02-15,26.9940,28.0096,29.0251
2011-02-16,26.8765,27.9315,28.9864
2011-02-17,26.8026,27.8715,28.9403
2011-02-18,26.7105,27.8099,28.9093
2011-02-22,26.5314,27.7418,28.9523
2011-02-23,26.3872,27.6566,28.9259
2011-02-24,26.3056,27.5766,28.8476
2011-02-25,26.2476,27.4704,28.6932
2011-02-28,26.2543,27.3614,28.4684
2011-03-01,26.0820,27.2856,28.4892
2011-03-02,25.9167,27.2071,28.4976
2011-03-03,25.8134,27.1218,28.4301
2011-03-04,25.6822,27.0271,28.3721
2011-03-07,25.5116,26.9352,28.3588
2011-03-08,25.4104,26.8467,28.2829
2011-03-09,25.3799,26.7368,28.0937
2011-03-10,25.3168,26.6000,27.8832
2011-03-11,25.3066,26.4910,27.6753
2011-03-14,25.2640,26.4048,27.5455
2011-03-15,25.1630,26.3162,27.4694
2011-03-16,24.9508,26.2000,27.4492
2011-03-17,24.7577,26.0962,27.4347
2011-03-18,24.6105,25.9905,27.3704
2011-03-21,24.6079,25.9010,27.1940
2011-03-22,24.6095,25.8169,27.0243
2011-03-23,24.6056,25.7669,26.9282
2011-03-24,24.6278,25.7298,26.8318
2011-03-25,24.6757,25.6750,26.6743
2011-03-28,24.6964,25.6207,26.5450
2011-03-29,24.7493,25.5688,26.3883
2011-03-30,24.7664,25.5426,26.3188
2011-03-31,24.7695,25.5099,26.2503
2011-04-01,24.8026,25.4756,26.1486
2011-04-04,24.8167,25.4564,26.0961
2011-04-05,24.8144,25.4593,26.1042
2011-04-06,24.7870,25.4707,26.1545
2011-04-07,24.7544,25.4855,26.2166
2011-04-08,24.7459,25.5169,26.2880
2011-04-11,24.7378,25.5312,26.3246
2011-04-12,24.7370,25.5288,26.3206
2011-04-13,24.7499,25.5402,26.3306
2011-04-14,24.8515,25.5702,26.2890
2011-04-15,24.9642,25.5983,26.2325
2011-04-18,25.0362,25.6117,26.1872
2011-04-19,25.0061,25.6031,26.2001
2011-04-20,25.0412,25.6252,26.2092
2011-04-21,25.0397,25.6243,26.2089
2011-04-25,25.0361,25.6148,26.1935
2011-04-26,25.0134,25.6419,26.2704
2011-04-27,24.9953,25.6881,26.3809
2011-04-28,24.9351,25.7462,26.5573
2011-04-29,24.9490,25.7610,26.5729
2011-05-02,24.9774,25.7738,26.5702
2011-05-03,25.0040,25.7895,26.5751
2011-05-04,25.0278,25.8138,26.5998
2011-05-05,25.0284,25.8143,26.6002
2011-05-06,25.0289,25.8010,26.5730
2011-05-09,25.0319,25.7833,26.5348
2011-05-10,25.0227,25.7643,26.5059
2011-05-11,24.9806,25.7348,26.4889
2011-05-12,24.9456,25.7195,26.4934
2011-05-13,24.8635,25.6910,26.5184
2011-05-16,24.7000,25.6505,26.6010
2011-05-17,24.5492,25.6100,26.6708
2011-05-18,24.4816,25.5914,26.7013
2011-05-19,24.4135,25.5707,26.7279
2011-05-20,24.2692,25.5102,26.7513
2011-05-23,24.0800,25.4460,26.8119
2011-05-24,23.9063,25.3764,26.8465
2011-05-25,23.7755,25.2812,26.7868
2011-05-26,23.7570,25.1998,26.6426
2011-05-27,23.8226,25.1069,26.3913
2011-05-31,23.8315,25.0636,26.2956
2011-06-01,23.7750,25.0050,26.2350
2011-06-02,23.7111,24.9293,26.1474
2011-06-03,23.6443,24.8267,26.0091
2011-06-06,23.5932,24.7419,25.8906
2011-06-07,23.5898,24.6557,25.7216
2011-06-08,23.5969,24.5657,25.5345
2011-06-09,23.6185,24.4843,25.3501
2011-06-10,23.5722,24.4055,25.2388
2011-06-13,23.6058,24.3445,25.0832
2011-06-14,23.6327,24.3060,24.9792
2011-06-15,23.5631,24.2664,24.9698
2011-06-16,23.5386,24.2414,24.9443
2011-06-17,23.5471,24.2210,24.8948
2011-06-20,23.5621,24.2093,24.8564
2011-06-21,23.5432,24.2221,24.9010
2011-06-22,23.5427,24.2450,24.9473
2011-06-23,23.5484,24.2679,24.9873
2011-06-24,23.5544,24.2731,24.9918
2011-06-27,23.4936,24.2983,25.1031
2011-06-28,23.3346,24.3479,25.3611
2011-06-29,23.2597,24.3769,25.4941
2011-06-30,23.1375,24.4517,25.7658
2011-07-01,23.0691,24.5374,26.0057
2011-07-05,23.0691,24.6386,26.2080
2011-07-06,23.0508,24.7490,26.4473
2011-07-07,23.0060,24.8781,26.7502
2011-07-08,23.0073,25.0200,27.0327
2011-07-11,23.0817,25.1471,27.2126
2011-07-12,23.2410,25.2821,27.3233
2011-07-13,23.3664,25.4055,27.4445
2011-07-14,23.4977,25.5126,27.5276
2011-07-15,23.7381,25.6574,27.5767
2011-07-18,23.9749,25.7810,27.5870
2011-07-19,24.1170,25.9371,27.7573
2011-07-20,24.3048,26.0605,27.8161
2011-07-21,24.4645,26.1717,27.8789
2011-07-22,24.6506,26.3088,27.9670
2011-07-25,24.8514,26.4650,28.0786
2011-07-26,25.2035,26.6450,28.0865
2011-07-27,25.4317,26.7464,28.0612
2011-07-28,25.5321,26.8379,28.1436
2011-07-29,25.7168,26.9226,28.1284
2011-08-01,25.8428,26.9831,28.1234
2011-08-02,25.9599,27.0202,28.0806
2011-08-03,26.0970,27.0626,28.0282
2011-08-04,26.0102,27.0440,28.0779
2011-08-05,25.8097,26.9921,28.1746
2011-08-08,25.2806,26.8760,28.4713
2011-08-09,25.1397,26.8260,28.5122
2011-08-10,24.6917,26.7145,28.7373
2011-08-11,24.5213,26.6460,28.7706
2011-08-12,24.3566,26.5807,28.8048
2011-08-15,24.2525,26.5202,28.7880
2011-08-16,24.1398,26.4612,28.7826
2011-08-17,24.0279,26.3519,28.6759
2011-08-18,23.8313,26.2381,28.6449
2011-08-19,23.5474,26.0931,28.6388
2011-08-22,23.3119,25.9240,28.5362
2011-08-23,23.2709,25.7721,28.2734
2011-08-24,23.3197,25.6207,27.9217
2011-08-25,23.2803,25.4893,27.6982
2011-08-26,23.4001,25.3717,27.3433
2011-08-29,23.5301,25.2974,27.0646
2011-08-30,23.6548,25.2479,26.8409
2011-08-31,23.6805,25.2383,26.7962
2011-09-01,23.7680,25.2045,26.6410
2011-09-02,23.7738,25.1979,26.6219
2011-09-06,23.7749,25.1898,26.6046
2011-09-07,23.8444,25.2621,26.6799
2011-09-08,23.8223,25.2926,26.7629
2011-09-09,23.9692,25.3660,26.7627
2011-09-12,23.9876,25.3993,26.8110
2011-09-13,24.0136,25.4440,26.8745
2011-09-14,23.9916,25.4912,26.9908
2011-09-15,23.9419,25.5693,27.1967
2011-09-16,23.9108,25.6586,27.4063
2011-09-19,23.9717,25.7795,27.5874
2011-09-20,24.2175,25.9190,27.6206
2011-09-21,24.5507,26.0148,27.4788
2011-09-22,24.6179,26.0310,27.4440
2011-09-23,24.6485,26.0386,27.4287
2011-09-26,24.8219,26.0800,27.3381
2011-09-27,24.8826,26.1000,27.3174
2011-09-28,24.8540,26.0874,27.3207
2011-09-29,24.7896,26.0502,27.3108
2011-09-30,24.6416,25.9688,27.2960
2011-10-03,24.4331,25.8888,27.3445
2011-10-04,24.3928,25.8669,27.3410
2011-10-05,24.4196,25.8850,27.3504
2011-10-06,24.4236,25.9012,27.3788
2011-10-07,24.4237,25.9026,27.3815
2011-10-10,24.4190,25.9598,27.5006
2011-10-11,24.4101,26.0126,27.6152
2011-10-12,24.4038,26.0564,27.7091
2011-10-13,24.3771,26.0888,27.8005
2011-10-14,24.3585,26.1021,27.8458
2011-10-17,24.3664,26.0955,27.8245
2011-10-18,24.3584,26.1002,27.8421
2011-10-19,24.3500,26.1074,27.8647
2011-10-20,24.3570,26.1574,27.9578
2011-10-21,24.4788,26.2574,28.0360
2011-10-24,24.6225,26.3588,28.0951
2011-10-25,24.7282,26.4240,28.1199
2011-10-26,24.8050,26.4679,28.1307
2011-10-27,24.9031,26.5476,28.1921
2011-10-28,25.0428,26.6205,28.1982
2011-10-31,25.3281,26.7033,28.0786
2011-11-01,25.7388,26.7729,27.8069
2011-11-02,25.9188,26.8048,27.6908
2011-11-03,26.0376,26.8352,27.6329
2011-11-04,26.0218,26.8310,27.6401
2011-11-07,26.0904,26.8571,27.6239
2011-11-08,26.0907,26.8676,27.6445
2011-11-09,26.0053,26.8295,27.6537
2011-11-10,25.9431,26.7971,27.6512
2011-11-11,25.9457,26.7843,27.6229
2011-11-14,25.9500,26.7600,27.5700
2011-11-15,25.9446,26.7486,27.5526
2011-11-16,25.8770,26.6895,27.5020
2011-11-17,25.6908,26.6138,27.5368
2011-11-18,25.4733,26.5310,27.5886
2011-11-21,25.2250,26.4281,27.6312
2011-11-22,24.9738,26.3138,27.6539
2011-11-23,24.6705,26.2024,27.7343
2011-11-25,24.3729,26.0933,27.8138
2011-11-28,24.2657,25.9800,27.6943
2011-11-29,24.1593,25.8781,27.5969
2011-11-30,24.1389,25.8281,27.5173
2011-12-01,24.0910,25.7943,27.4976
2011-12-02,24.0393,25.7567,27.4741
2011-12-05,24.0349,25.7171,27.3994
2011-12-06,24.0237,25.6890,27.3544
2011-12-07,24.0424,25.6319,27.2214
2011-12-08,24.1114,25.5481,26.9848
2011-12-09,24.1153,25.5243,26.9332
2011-12-12,24.1198,25.4876,26.8555
2011-12-13,24.2131,25.4329,26.6526
2011-12-14,24.3073,25.3771,26.4470
2011-12-15,24.4352,25.3210,26.2067
2011-12-16,24.4427,25.3176,26.1925
2011-12-19,24.4427,25.3171,26.1916
2011-12-20,24.4269,25.3517,26.2765
2011-12-21,24.4614,25.3879,26.3143
2011-12-22,24.5338,25.4364,26.3390
2011-12-23,24.6850,25.5107,26.3364
2011-12-27,24.9390,25.5936,26.2482
2011-12-28,25.0641,25.6388,26.2136
2011-12-29,25.2219,25.6950,26.1681
2011-12-30,25.2300,25.7131,26.1962
2012-01-03,25.1606,25.7838,26.4070
2012-01-04,25.0031,25.8876,26.7721
2012-01-05,24.8192,25.9819,27.1446
2012-01-06,24.6366,26.0983,27.5600
2012-01-09,24.5999,26.2002,27.8006
2012-01-10,24.6143,26.3164,28.0186
2012-01-11,24.6341,26.4126,28.1911
2012-01-12,24.6787,26.5312,28.3837
2012-01-13,24.6940,26.6498,28.6055
2012-01-17,24.7674,26.7767,28.7860
2012-01-18,24.8807,26.9038,28.9269
2012-01-19,24.9606,27.0048,29.0489
2012-01-20,24.9678,27.2038,29.4398
2012-01-23,24.9665,27.3802,29.7939
2012-01-24,25.1132,27.5507,29.9882
2012-01-25,25.2787,27.7293,30.1799
2012-01-26,25.4566,27.8945,30.3325
2012-01-27,25.6936,28.0464,30.3993
2012-01-30,26.0072,28.2269,30.4466
2012-01-31,26.3420,28.3940,30.4461
2012-02-01,26.7458,28.5812,30.4166
2012-02-02,26.9993,28.7329,30.4664
2012-02-03,27.1284,28.8681,30.6078
2012-02-06,27.2451,28.9881,30.7310
2012-02-07,27.3070,29.0950,30.8830
2012-02-08,27.4351,29.2340,31.0330
2012-02-09,27.5742,29.3736,31.1729
2012-02-10,27.8067,29.5057,31.2047
2012-02-13,28.0117,29.6286,31.2454
2012-02-14,28.2107,29.7238,31.2369
2012-02-15,28.4420,29.8093,31.1766
2012-02-16,28.6415,29.9548,31.2680
2012-02-17,28.9575,30.1038,31.2502
2012-02-21,28.9223,30.1862,31.4501
2012-02-22,28.9328,30.2595,31.5862
2012-02-23,29.0158,30.3562,31.6965
2012-02-24,29.0754,30.4476,31.8198
2012-02-27,29.1807,30.5357,31.8907
2012-02-28,29.3246,30.6614,31.9983
2012-02-29,29.4374,30.7629,32.0884
2012-03-01,29.5369,30.8943,32.2517
2012-03-02,29.6299,30.9983,32.3668
2012-03-05,29.7618,31.0864,32.4111
2012-03-06,29.8667,31.1490,32.4314
2012-03-07,29.9864,31.2271,32.4679
2012-03-08,30.0878,31.3062,32.5246
2012-03-09,30.1538,31.3695,32.5853
2012-03-12,30.2132,31.4300,32.6468
2012-03-13,30.2829,31.5336,32.7842
2012-03-14,30.3578,31.6379,32.9179
2012-03-15,30.5409,31.7617,32.9824
2012-03-16,30.8796,31.8831,32.8866
2012-03-19,30.9518,31.9267,32.9016
2012-03-20,31.0351,31.9619,32.8887
2012-03-21,31.0867,31.9843,32.8819
2012-03-22,31.1799,32.0188,32.8577
2012-03-23,31.2620,32.0493,32.8366
2012-03-26,31.3259,32.1021,32.8784
2012-03-27,31.4397,32.1579,32.8760
2012-03-28,31.4666,32.1731,32.8796
2012-03-29,31.5110,32.1912,32.8714
2012-03-30,31.5101,32.1895,32.8689
2012-04-02,31.5211,32.1998,32.8784
2012-04-03,31.5410,32.2064,32.8719
2012-04-04,31.4483,32.1900,32.9317
2012-04-05,31.3929,32.1748,32.9566
2012-04-09,31.2266,32.1314,33.0362
2012-04-10,30.9103,32.0590,33.2078
2012-04-11,30.6170,31.9783,33.3396
2012-04-12,30.5092,31.8976,33.2860
2012-04-13,30.3996,31.8043,33.2090
2012-04-16,30.3642,31.7198,33.0754
2012-04-17,30.3635,31.6645,32.9656
2012-04-18,30.3178,31.6140,32.9103
2012-04-19,30.2581,31.5674,32.8767
2012-04-20,30.2396,31.5917,32.9437
2012-04-23,30.2375,31.5976,32.9578
2012-04-24,30.2378,31.5933,32.9488
2012-04-25,30.2645,31.5748,32.8851
2012-04-26,30.2904,31.5552,32.8200
2012-04-27,30.2975,31.5452,32.7930
2012-04-30,30.3009,31.5402,32.7796
2012-05-01,30.3120,31.5286,32.7452
2012-05-02,30.3298,31.5052,32.6806
2012-05-03,30.3315,31.4967,32.6618
2012-05-04,30.3057,31.4857,32.6657
2012-05-07,30.2121,31.4443,32.6765
2012-05-08,30.1264,31.4157,32.7050
2012-05-09,30.1753,31.4295,32.6837
2012-05-10,30.2491,31.4483,32.6476
2012-05-11,30.2693,31.4571,32.6450
2012-05-14,30.2484,31.4510,32.6535
2012-05-15,30.1037,31.4098,32.7158
2012-05-16,29.8810,31.3364,32.7918
2012-05-17,29.6594,31.2688,32.8782
2012-05-18,29.3663,31.1860,33.0056
2012-05-21,29.2288,31.0588,32.8889
2012-05-22,29.1011,30.9464,32.7918
2012-05-23,28.8644,30.8126,32.7608
2012-05-24,28.6840,30.6636,32.6431
2012-05-25,28.5371,30.5183,32.4996
2012-05-29,28.4951,30.4031,32.3110
2012-05-30,28.4603,30.2757,32.0911
2012-05-31,28.4458,30.1414,31.8371
2012-06-01,28.3103,29.9819,31.6536
2012-06-04,28.2513,29.8290,31.4068
2012-06-05,28.1252,29.7112,31.2972
2012-06-06,28.1140,29.6493,31.1845
2012-06-07,28.0928,29.5888,31.0848
2012-06-08,28.1337,29.5360,30.9382
2012-06-11,28.1300,29.4481,30.7662
2012-06-12,28.2856,29.3590,30.4325
2012-06-13,28.3863,29.2852,30.1842
2012-06-14,28.4445,29.2438,30.0432
2012-06-15,28.4300,29.2495,30.0690
2012-06-18,28.4212,29.2552,30.0893
2012-06-19,28.2867,29.3233,30.3600
2012-06-20,28.1470,29.3795,30.6120
2012-06-21,28.1329,29.3974,30.6619
2012-06-22,28.1007,29.4731,30.8455
2012-06-25,28.1413,29.5110,30.8806
2012-06-26,28.1861,29.5567,30.9272
2012-06-27,28.1905,29.5857,30.9809
2012-06-28,28.2157,29.6129,31.0101
2012-06-29,28.2365,29.6795,31.1225
2012-07-02,28.4010,29.7800,31.1590
2012-07-03,28.5616,29.8852,31.2089
2012-07-05,28.7766,29.9898,31.2030
2012-07-06,28.8485,30.0295,31.2106
2012-07-09,28.9402,30.0662,31.1922
2012-07-10,28.9502,30.0705,31.1908
2012-07-11,29.0393,30.0898,31.1402
2012-07-12,28.8821,30.0583,31.2346
2012-07-13,28.9288,30.0707,31.2126
2012-07-16,28.9450,30.0755,31.2059
2012-07-17,28.9142,30.0583,31.2024
2012-07-18,28.9360,30.0874,31.2388
2012-07-19,28.9378,30.0857,31.2337
2012-07-20,28.9624,30.0469,31.1314
2012-07-23,28.8748,30.0062,31.1376
2012-07-24,28.7895,29.9324,31.0753
2012-07-25,28.6473,29.8831,31.1189
2012-07-26,28.5707,29.8421,31.1135
2012-07-27,28.5591,29.8224,31.0857
2012-07-30,28.5446,29.8095,31.0745
2012-07-31,28.5336,29.7562,30.9787
2012-08-01,28.5257,29.7014,30.8772
2012-08-02,28.5329,29.6267,30.7205
2012-08-03,28.5957,29.5814,30.5672
2012-08-06,28.6071,29.5702,30.5334
2012-08-07,28.5914,29.5826,30.5738
2012-08-08,28.5710,29.6107,30.6504
2012-08-09,28.5723,29.6679,30.7634
2012-08-10,28.7169,29.7531,30.7893
2012-08-13,28.7439,29.8007,30.8575
2012-08-14,28.7808,29.8336,30.8864
2012-08-15,28.7984,29.8593,30.9202
2012-08-16,28.7707,29.8750,30.9793
2012-08-17,28.7459,29.8862,31.0265
2012-08-20,28.7219,29.9160,31.1100
2012-08-21,28.7732,29.9883,31.2035
2012-08-22,28.8785,30.0545,31.2306
2012-08-23,29.0799,30.1224,31.1648
2012-08-24,29.2252,30.1890,31.1529
2012-08-27,29.2677,30.2336,31.1995
2012-08-28,29.3389,30.2807,31.2225
2012-08-29,29.4565,30.3369,31.2173
2012-08-30,29.6031,30.3802,31.1574
2012-08-31,29.8689,30.4579,31.0468
2012-09-04,29.9893,30.4881,30.9869
2012-09-05,30.0689,30.5090,30.9492
2012-09-06,30.0090,30.5607,31.1124
2012-09-07,30.0249,30.5902,31.1555
2012-09-10,30.0343,30.6007,31.1671
2012-09-11,30.0525,30.6183,31.1842
2012-09-12,30.0767,30.6369,31.1971
2012-09-13,30.1499,30.6752,31.2005
2012-09-14,30.1960,30.7233,31.2507
2012-09-17,30.1773,30.7438,31.3103
2012-09-18,30.1644,30.7569,31.3494
2012-09-19,30.1662,30.7718,31.3773
2012-09-20,30.1317,30.8027,31.4738
2012-09-21,30.1540,30.8337,31.5133
2012-09-24,30.2292,30.8587,31.4881
2012-09-25,30.2019,30.8506,31.4992
2012-09-26,30.1164,30.8256,31.5347
2012-09-27,30.0430,30.8032,31.5634
2012-09-28,29.8813,30.7608,31.6404
2012-10-01,29.7025,30.7213,31.7401
2012-10-02,29.5532,30.6660,31.7789
2012-10-03,29.4815,30.6410,31.8006
2012-10-04,29.4396,30.6239,31.8082
2012-10-05,29.3706,30.5527,31.7348
2012-10-08,29.2851,30.4970,31.7089
2012-10-09,29.1160,30.4284,31.7408
2012-10-10,28.9044,30.3422,31.7801
2012-10-11,28.7157,30.2551,31.7945
2012-10-12,28.6020,30.1725,31.7430
2012-10-15,28.5688,30.0915,31.6143
2012-10-16,28.5527,30.0096,31.4665
2012-10-17,28.5650,29.9341,31.3033
2012-10-18,28.5749,29.8600,31.1451
2012-10-19,28.5507,29.7262,30.9016
2012-10-22,28.3706,29.5743,30.7780
2012-10-23,28.1998,29.4441,30.6885
2012-10-24,27.9934,29.3257,30.6579
2012-10-25,27.8056,29.2169,30.6281
2012-10-26,27.7166,29.1240,30.5314
2012-10-31,27.6677,29.0659,30.4641
2012-11-01,27.6674,29.0671,30.4668
2012-11-02,27.6710,29.0595,30.4479
2012-11-05,27.6821,29.0485,30.4150
2012-11-06,27.6955,29.0404,30.3854
2012-11-07,27.7080,29.0037,30.2995
2012-11-08,27.7074,28.9576,30.2077
2012-11-09,27.6935,28.9361,30.1788
2012-11-12,27.6208,28.8999,30.1791
2012-11-13,27.3184,28.8113,30.3042
2012-11-14,26.9991,28.6990,30.3989
2012-11-15,26.6972,28.5633,30.4293
2012-11-16,26.4136,28.4219,30.4302
2012-11-19,26.2251,28.2856,30.3461
2012-11-20,26.0626,28.1530,30.2433
2012-11-21,25.9338,28.0725,30.2112
2012-11-23,25.9138,28.0582,30.2027
2012-11-26,25.8631,28.0267,30.1903
2012-11-27,25.7870,27.9876,30.1882
2012-11-28,25.7463,27.9628,30.1793
2012-11-29,25.6484,27.9028,30.1572
2012-11-30,25.5117,27.8111,30.1105
2012-12-03,25.4255,27.6642,29.9028
2012-12-04,25.3704,27.5152,29.6599
2012-12-05,25.4237,27.3742,29.3247
2012-12-06,25.6067,27.2249,28.8432
2012-12-07,25.6809,27.0999,28.5190
2012-12-10,25.8151,27.0109,28.2066
2012-12-11,26.0462,26.9390,27.8317
2012-12-12,26.1902,26.8923,27.5944
2012-12-13,26.1900,26.8933,27.5965
2012-12-14,26.1880,26.8918,27.5956
2012-12-17,26.2116,26.9125,27.6135
2012-12-18,26.2325,26.9620,27.6915
2012-12-19,26.2537,26.9897,27.7257
2012-12-20,26.2555,27.0359,27.8163
2012-12-21,26.2610,27.0597,27.8585
2012-12-24,26.2835,27.0293,27.7750
2012-12-26,26.2728,27.0043,27.7357
2012-12-27,26.2677,26.9985,27.7294
2012-12-28,26.2240,26.9600,27.6960
2012-12-31,26.2048,26.9485,27.6922
2013-01-02,26.2163,26.9964,27.7765
2013-01-03,26.2915,27.0355,27.7794
2013-01-04,26.3570,27.0531,27.7492
2013-01-07,26.3600,27.0540,27.7481
2013-01-08,26.3321,27.0457,27.7593
2013-01-09,26.3755,27.0574,27.7392
2013-01-10,26.3077,27.0345,27.7613
2013-01-11,26.2911,27.0112,27.7312
2013-01-14,26.2802,26.9945,27.7088
2013-01-15,26.2807,26.9993,27.7179
2013-01-16,26.2965,27.0102,27.7240
2013-01-17,26.2973,27.0176,27.7379
2013-01-18,26.3157,27.0028,27.6900
2013-01-22,26.3184,26.9952,27.6720
2013-01-23,26.3280,26.9919,27.6557
2013-01-24,26.3091,27.0005,27.6918
2013-01-25,26.2530,27.0395,27.8260
2013-01-28,26.2252,27.0896,27.9539
2013-01-29,26.1934,27.1396,28.0857
2013-01-30,26.2476,27.2015,28.1553
2013-01-31,26.3037,27.2367,28.1698
2013-02-01,26.2854,27.2515,28.2175
2013-02-04,26.2911,27.2605,28.2299
2013-02-05,26.3513,27.2965,28.2417
2013-02-06,26.4219,27.3274,28.2329
2013-02-07,26.5255,27.3623,28.1992
2013-02-08,26.6174,27.4028,28.1882
2013-02-11,26.7842,27.4695,28.1547
2013-02-12,26.8762,27.5195,28.1628
2013-02-13,26.9604,27.5738,28.1871
2013-02-14,26.9919,27.6133,28.2347
2013-02-15,27.0721,27.6595,28.2468
2013-02-19,27.1180,27.6973,28.2767
2013-02-20,27.1794,27.7269,28.2743
2013-02-21,27.2471,27.7430,28.2390
2013-02-22,27.2578,27.7502,28.2426
2013-02-25,27.2215,27.7378,28.2541
2013-02-26,27.1786,27.7135,28.2485
2013-02-27,27.1792,27.7087,28.2383
2013-02-28,27.1846,27.6987,28.2128
2013-03-01,27.1821,27.7035,28.2249
2013-03-04,27.1954,27.7368,28.2783
2013-03-05,27.1601,27.7568,28.3535
2013-03-06,27.1925,27.7878,28.3830
2013-03-07,27.2203,27.8185,28.4167
2013-03-08,27.2873,27.8499,28.4125
2013-03-11,27.3756,27.8779,28.3801
2013-03-12,27.4146,27.8950,28.3754
2013-03-13,27.4174,27.8976,28.3779
2013-03-14,27.4191,27.9098,28.4004
2013-03-15,27.4191,27.9100,28.4009
2013-03-18,27.4183,27.9129,28.4074
2013-03-19,27.4149,27.9210,28.4270
2013-03-20,27.4027,27.9338,28.4649
2013-03-21,27.4098,27.9452,28.4807
2013-03-22,27.4718,27.9814,28.4910
2013-03-25,27.4955,28.0005,28.5054
2013-03-26,27.6157,28.0379,28.4600
2013-03-27,27.7611,28.0855,28.4098
2013-03-28,27.7540,28.1233,28.4927
2013-04-01,27.7674,28.1619,28.5565
2013-04-02,27.7353,28.2024,28.6694
2013-04-03,27.7316,28.2219,28.7122
2013-04-04,27.7205,28.2336,28.7467
2013-04-05,27.7173,28.2626,28.8080
2013-04-08,27.7245,28.2840,28.8436
2013-04-09,27.5802,28.3607,29.1412
2013-04-10,27.3745,28.4755,29.5765
2013-04-11,27.4371,28.5243,29.6115
2013-04-12,27.5087,28.5660,29.6232
2013-04-15,27.5519,28.5924,29.6329
2013-04-16,27.6158,28.6369,29.6580
2013-04-17,27.6766,28.6714,29.6663
2013-04-18,27.7294,28.7005,29.6716
2013-04-19,27.7153,28.7695,29.8238
2013-04-22,27.5754,28.8976,30.2198
2013-04-23,27.5363,29.0095,30.4827
2013-04-24,27.3489,29.1810,31.0130
2013-04-25,27.2456,29.3612,31.4768
2013-04-26,27.2205,29.5240,31.8276
2013-04-29,27.1044,29.7148,32.3251
2013-04-30,26.9992,29.9286,32.8580
2013-05-01,27.0034,30.1152,33.2271
2013-05-02,27.0485,30.3343,33.6201
2013-05-03,27.1177,30.5674,34.0170
2013-05-06,27.2115,30.8079,34.4042
2013-05-07,27.4288,31.0326,34.6364
2013-05-08,27.5565,31.1936,34.8306
2013-05-09,27.6426,31.3069,34.9712
2013-05-10,27.9372,31.4857,35.0343
2013-05-13,28.2966,31.6876,35.0787
2013-05-14,28.7210,31.9181,35.1152
2013-05-15,29.1406,32.1502,35.1599
2013-05-16,29.6782,32.4005,35.1227
2013-05-17,30.2913,32.6900,35.0887
2013-05-20,30.7169,32.9431,35.1693
2013-05-21,30.9853,33.1360,35.2866
2013-05-22,31.4117,33.3269,35.2421
2013-05-23,31.6303,33.4407,35.2512
2013-05-24,31.8398,33.5516,35.2634
2013-05-28,32.0760,33.7054,35.3349
2013-05-29,32.1879,33.8135,35.4392
2013-05-30,32.2340,33.9054,35.5769
2013-05-31,32.3748,34.0092,35.6437
2013-06-03,32.4055,34.1250,35.8444
2013-06-04,32.4638,34.1964,35.9289
2013-06-05,32.5079,34.2454,35.9830
2013-06-06,32.6137,34.3240,36.0343
2013-06-07,32.7587,34.4516,36.1445
2013-06-10,33.0425,34.5854,36.1283
2013-06-11,33.3968,34.6878,35.9788
2013-06-12,33.7203,34.7816,35.8430
2013-06-13,33.9346,34.8380,35.7415
2013-06-14,34.0508,34.8645,35.6782
2013-06-17,34.1730,34.9083,35.6436
2013-06-18,34.1778,34.9135,35.6492
2013-06-19,34.1460,34.8902,35.6343
2013-06-20,33.8714,34.8254,35.7794
2013-06-21,33.6001,34.7614,35.9227
2013-06-24,33.5223,34.7407,35.9590
2013-06-25,33.4249,34.7121,35.9994
2013-06-26,33.3919,34.6802,35.9686
2013-06-27,33.3824,34.6679,35.9533
2013-06-28,33.3688,34.6448,35.9207
2013-07-01,33.3429,34.6190,35.8952
2013-07-02,33.3108,34.5405,35.7701
2013-07-03,33.2615,34.4938,35.7261
2013-07-05,33.2357,34.4667,35.6976
2013-07-08,33.2244,34.4364,35.6485
2013-07-09,33.2943,34.3736,35.4529
2013-07-10,33.3618,34.3369,35.3120
2013-07-11,33.2626,34.3771,35.4917
2013-07-12,33.1914,34.4090,35.6267
2013-07-15,33.0513,34.4783,35.9053
2013-07-16,32.9503,34.5674,36.1844
2013-07-17,32.9185,34.6026,36.2867
2013-07-18,32.9097,34.6245,36.3394
2013-07-19,32.2752,34.4726,36.6700
2013-07-22,31.9980,34.4021,36.8063
2013-07-23,31.7286,34.3333,36.9381
2013-07-24,31.4646,34.2498,37.0349
2013-07-25,31.1075,34.1412,37.1749
2013-07-26,30.7959,34.0112,37.2265
2013-07-29,30.4963,33.8645,37.2327
2013-07-30,30.2773,33.7362,37.1951
2013-07-31,30.0783,33.6162,37.1541
2013-08-01,29.8788,33.5081,37.1374
2013-08-02,29.7218,33.4071,37.0925
2013-08-05,29.5517,33.2876,37.0235
2013-08-06,29.3835,33.1569,36.9304
2013-08-07,29.2866,33.0480,36.8094
2013-08-08,29.2735,32.9618,36.6501
2013-08-09,29.3378,32.8197,36.3015
2013-08-12,29.4452,32.6863,35.9275
2013-08-13,29.6540,32.4987,35.3434
2013-08-14,30.0212,32.3120,34.6029
2013-08-15,30.4151,32.1240,33.8328
2013-08-16,31.0988,31.9506,32.8024
2013-08-19,31.0976,31.9503,32.8029
2013-08-20,31.0682,31.9317,32.7953
2013-08-21,31.0484,31.9217,32.7950
2013-08-22,31.0464,31.9422,32.8380
2013-08-23,30.6381,32.1022,33.5663
2013-08-26,30.5374,32.2227,33.9079
2013-08-27,30.5930,32.3046,34.0161
2013-08-28,30.6354,32.3603,34.0852
2013-08-29,30.6622,32.4417,34.2212
2013-08-30,30.7350,32.5241,34.3132
2013-09-03,30.7338,32.5236,34.3134
2013-09-04,30.6535,32.4996,34.3457
2013-09-05,30.5988,32.4831,34.3674
2013-09-06,30.4784,32.4398,34.4011
2013-09-09,30.4031,32.3810,34.3588
2013-09-10,30.3935,32.3662,34.3389
2013-09-11,30.3928,32.3600,34.3272
2013-09-12,30.4108,32.3819,34.3530
2013-09-13,30.4241,32.4143,34.4045
2013-09-16,30.4861,32.4624,34.4388
2013-09-17,30.5535,32.5162,34.4790
2013-09-18,30.6841,32.6080,34.5319
2013-09-19,30.7855,32.7042,34.6229
2013-09-20,30.9051,32.7604,34.6157
2013-09-23,30.9291,32.7771,34.6250
2013-09-24,31.0413,32.6678,34.2943
2013-09-25,31.1037,32.5895,34.0753
2013-09-26,31.1081,32.5661,34.0242
2013-09-27,31.1014,32.5780,34.0547
2013-09-30,31.1182,32.5652,34.0122
2013-10-01,31.1051,32.5738,34.0424
2013-10-02,31.1306,32.6709,34.2113
2013-10-03,31.3272,32.7978,34.2684
2013-10-04,31.5610,32.9238,34.2865
2013-10-07,31.9106,33.0260,34.1415
2013-10-08,32.1581,33.0906,34.0231
2013-10-09,32.2443,33.1230,34.0016
2013-10-10,32.2705,33.1715,34.0726
2013-10-11,32.2789,33.2401,34.2013
2013-10-14,32.2232,33.3077,34.3922
2013-10-15,32.2187,33.3881,34.5576
2013-10-16,32.2048,33.4696,34.7343
2013-10-17,32.1412,33.5458,34.9503
2013-10-18,32.0801,33.6086,35.1371
2013-10-21,32.1232,33.7133,35.3035
2013-10-22,32.2324,33.8010,35.3695
2013-10-23,32.4139,33.8631,35.3123
2013-10-24,32.6021,33.9210,35.2398
2013-10-25,32.6368,34.0619,35.4870
2013-10-28,32.6559,34.1714,35.6869
2013-10-29,32.7140,34.2781,35.8422
2013-10-30,32.7522,34.3714,35.9907
2013-10-31,32.7788,34.4421,36.1055
2013-11-01,32.8184,34.5214,36.2244
2013-11-04,32.8400,34.6195,36.3990
2013-11-05,32.9047,34.7786,36.6525
2013-11-06,32.8164,35.0248,37.2332
2013-11-07,32.9690,35.2357,37.5025
2013-11-08,33.0168,35.4271,37.8375
2013-11-11,33.0876,35.5919,38.0963
2013-11-12,33.1727,35.7305,38.2882
2013-11-13,33.2130,35.9050,38.5970
2013-11-14,33.2927,36.0660,38.8393
2013-11-15,33.3831,36.2051,39.0271
2013-11-18,33.5169,36.3118,39.1067
2013-11-19,33.6591,36.3951,39.1311
2013-11-20,33.8891,36.5141,39.1392
2013-11-21,34.3475,36.6875,39.0274
2013-11-22,34.9184,36.8708,38.8233
2013-11-25,35.0529,36.9618,38.8706
2013-11-26,35.2369,37.0465,38.8562
2013-11-27,35.4574,37.1456,38.8338
2013-11-29,35.6932,37.2689,38.8446
2013-12-02,35.9988,37.4139,38.8290
2013-12-03,36.3609,37.5465,38.7321
2013-12-04,36.5929,37.6894,38.7858
2013-12-05,36.7571,37.7541,38.7512
2013-12-06,36.7482,37.7627,38.7772
2013-12-09,36.7375,37.8201,38.9027
2013-12-10,36.7465,37.8358,38.9252
2013-12-11,36.7482,37.8368,38.9253
2013-12-12,36.7283,37.8301,38.9319
2013-12-13,36.5679,37.7603,38.9528
2013-12-16,36.4640,37.7062,38.9485
2013-12-17,36.3047,37.6433,38.9820
2013-12-18,36.2115,37.6138,39.0161
2013-12-19,36.1164,37.5905,39.0646
2013-12-20,36.0799,37.5771,39.0744
2013-12-23,35.9893,37.5400,39.0907
2013-12-24,35.9538,37.5167,39.0796
2013-12-26,35.9449,37.5071,39.0694
2013-12-27,35.9407,37.5043,39.0679
2013-12-30,35.9240,37.4895,39.0551
2013-12-31,35.9160,37.4552,38.9945
2014-01-02,35.9166,37.3938,38.8711
2014-01-03,35.8956,37.3271,38.7587
2014-01-06,35.8685,37.1933,38.5181
2014-01-07,35.8042,37.1176,38.4310
2014-01-08,35.6820,36.9938,38.3056
2014-01-09,35.6261,36.8426,38.0591
2014-01-10,35.6226,36.7440,37.8655
2014-01-13,35.3363,36.6188,37.9013
2014-01-14,35.2498,36.5502,37.8507
2014-01-15,35.2513,36.5536,37.8558
2014-01-16,35.2513,36.5538,37.8563
2014-01-17,35.2426,36.5471,37.8517
2014-01-21,35.2134,36.5276,37.8418
2014-01-22,35.1784,36.5124,37.8464
2014-01-23,35.1358,36.4769,37.8181
2014-01-24,35.1385,36.4857,37.8329
2014-01-27,35.1026,36.4357,37.7688
2014-01-28,35.1238,36.3800,37.6362
2014-01-29,35.1535,36.3500,37.5465
2014-01-30,35.1845,36.3295,37.4746
2014-01-31,35.1164,36.3500,37.5836
2014-02-03,35.1362,36.3176,37.4990
2014-02-04,35.1393,36.2910,37.4426
2014-02-05,35.1089,36.2762,37.4435
2014-02-06,35.0988,36.2652,37.4317
2014-02-07,35.1533,36.3033,37.4534
2014-02-10,35.2498,36.3638,37.4779
2014-02-11,35.2625,36.4179,37.5732
2014-02-12,35.4897,36.5364,37.5831
2014-02-13,35.5392,36.6236,37.7079
2014-02-14,35.5006,36.6645,37.8284
2014-02-18,35.4851,36.6898,37.8944
2014-02-19,35.4988,36.7436,37.9883
2014-02-20,35.5315,36.8188,38.1061
2014-02-21,35.6029,36.9164,38.2299
2014-02-24,35.7006,36.9943,38.2880
2014-02-25,35.7183,37.0293,38.3403
2014-02-26,35.8542,37.0979,38.3415
2014-02-27,35.9473,37.1736,38.3999
2014-02-28,35.9580,37.2521,38.5463
2014-03-03,35.9956,37.2960,38.5963
2014-03-04,35.9563,37.3231,38.6899
2014-03-05,36.0492,37.4007,38.7522
2014-03-06,36.1850,37.4864,38.7879
2014-03-07,36.5093,37.5855,38.6617
2014-03-10,36.7872,37.6636,38.5399
2014-03-11,36.9976,37.7331,38.4685
2014-03-12,37.1625,37.8031,38.4437
2014-03-13,37.2609,37.8371,38.4133
2014-03-14,37.2918,37.8481,38.4044
2014-03-17,37.3171,37.8690,38.4210
2014-03-18,37.0681,37.9610,38.8538
2014-03-19,37.0308,38.0490,39.0673
2014-03-20,36.8048,38.1833,39.5619
2014-03-21,36.6993,38.2981,39.8969
2014-03-24,36.5734,38.4181,40.2628
2014-03-25,36.5589,38.5443,40.5297
2014-03-26,36.6516,38.6514,40.6512
2014-03-27,36.7929,38.7414,40.6899
2014-03-28,36.8433,38.8576,40.8719
2014-03-31,36.7941,38.9852,41.1764
2014-04-01,36.8062,39.1586,41.5109
2014-04-02,36.7960,39.2986,41.8012
2014-04-03,36.8919,39.4367,41.9814
2014-04-04,37.0348,39.5186,42.0024
2014-04-07,37.2315,39.6090,41.9866
2014-04-08,37.4649,39.7043,41.9437
2014-04-09,37.6921,39.8210,41.9498
2014-04-10,37.8472,39.8729,41.8986
2014-04-11,38.0856,39.9357,41.7857
2014-04-14,38.4063,40.0061,41.6060
2014-04-15,38.7391,40.0871,41.4351
2014-04-16,38.7956,40.1276,41.4596
2014-04-17,38.8854,40.1628,41.4402
2014-04-21,38.8658,40.1442,41.4227
2014-04-22,38.8560,40.1361,41.4163
2014-04-23,38.8148,40.0976,41.3803
2014-04-24,38.7929,40.0747,41.3565
2014-04-25,38.8027,40.0804,41.3581
2014-04-28,38.8749,40.1523,41.4297
2014-04-29,38.8772,40.1623,41.4475
2014-04-30,38.8978,40.1342,41.3706
2014-05-01,38.9717,40.0666,41.1616
2014-05-02,39.0456,39.9876,40.9295
2014-05-05,39.0611,39.9123,40.7636
2014-05-06,38.9481,39.8738,40.7994
2014-05-07,38.9110,39.8559,40.8008
2014-05-08,38.8980,39.8473,40.7966
2014-05-09,38.8879,39.8030,40.7182
2014-05-12,38.9366,39.8321,40.7276
2014-05-13,39.0063,39.8898,40.7733
2014-05-14,39.1049,39.9402,40.7756
2014-05-15,39.0889,39.9331,40.7773
2014-05-16,39.0872,39.9060,40.7247
2014-05-19,39.0737,39.8936,40.7135
2014-05-20,39.0566,39.8812,40.7058
2014-05-21,39.0508,39.8983,40.7459
2014-05-22,39.0715,39.9179,40.7642
2014-05-23,39.0800,39.9302,40.7804
2014-05-27,39.0863,39.9436,40.8008
2014-05-28,39.1506,39.9026,40.6547
2014-05-29,39.1655,39.8945,40.6235
2014-05-30,39.0906,39.9202,40.7499
2014-06-02,39.0492,39.9579,40.8665
2014-06-03,39.0756,39.9864,40.8973
2014-06-04,39.1430,40.0288,40.9146
2014-06-05,39.2203,40.1312,41.0421
2014-06-06,39.2078,40.2290,41.2503
2014-06-09,39.2300,40.3067,41.3833
2014-06-10,39.3101,40.3814,41.4528
2014-06-11,39.3505,40.4238,41.4971
2014-06-12,39.3561,40.4314,41.5068
2014-06-13,39.3552,40.4786,41.6020
2014-06-16,39.4373,40.5690,41.7008
2014-06-17,39.4820,40.6571,41.8323
2014-06-18,39.5732,40.7476,41.9220
2014-06-19,39.7201,40.8348,41.9494
2014-06-20,39.7502,40.8981,42.0460
2014-06-23,39.8086,40.9881,42.1675
2014-06-24,39.9110,41.0655,42.2199
2014-06-25,39.9984,41.1531,42.3078
2014-06-26,40.1767,41.2345,42.2924
2014-06-27,40.2625,41.3255,42.3885
2014-06-30,40.3019,41.3617,42.4214
2014-07-01,40.3645,41.4131,42.4617
2014-07-02,40.5512,41.4898,42.4283
2014-07-03,40.7736,41.5602,42.3468
2014-07-07,40.8068,41.5974,42.3880
2014-07-08,40.8192,41.6117,42.4041
2014-07-09,40.8530,41.6307,42.4085
2014-07-10,40.9159,41.6581,42.4003
2014-07-11,41.0449,41.7167,42.3885
2014-07-14,41.3248,41.7910,42.2571
2014-07-15,41.3730,41.8490,42.3250
2014-07-16,40.9274,41.9719,43.0164
2014-07-17,40.6084,42.1076,43.6068
2014-07-18,40.4101,42.2524,44.0947
2014-07-21,40.2990,42.4107,44.5224
2014-07-22,40.2407,42.5607,44.8807
2014-07-23,40.1957,42.6979,45.2000
2014-07-24,40.2599,42.8243,45.3886
2014-07-25,40.3084,42.9419,45.5754
2014-07-28,40.4402,43.0490,45.6579
2014-07-29,40.5205,43.1269,45.7333
2014-07-30,40.6841,43.2164,45.7487
2014-07-31,40.8175,43.2778,45.7380
2014-08-01,40.9327,43.3235,45.7143
2014-08-04,41.1065,43.3983,45.6900
2014-08-05,41.2405,43.4502,45.6599
2014-08-06,41.3889,43.4959,45.6028
2014-08-07,41.6219,43.5702,45.5184
2014-08-08,41.8748,43.6423,45.4098
2014-08-11,42.0547,43.6952,45.3356
2014-08-12,42.2713,43.7609,45.2505
2014-08-13,42.4649,43.8385,45.2121
2014-08-14,42.4652,43.8475,45.2299
2014-08-15,42.4490,43.8599,45.2709
2014-08-18,42.4117,43.8799,45.3481
2014-08-19,42.3607,43.9035,45.4463
2014-08-20,42.3519,43.9092,45.4665
2014-08-21,42.3211,43.9259,45.5307
2014-08-22,42.2844,43.9616,45.6388
2014-08-25,42.2523,43.9935,45.7347
2014-08-26,42.2492,44.0428,45.8363
2014-08-27,42.2639,44.0897,45.9155
2014-08-28,42.3112,44.1517,45.9922
2014-08-29,42.3984,44.2598,46.1211
2014-09-02,42.5833,44.3660,46.1486
2014-09-03,42.7001,44.4417,46.1832
2014-09-04,42.8829,44.5455,46.2081
2014-09-05,43.1450,44.6964,46.2479
2014-09-08,43.2692,44.8507,46.4323
2014-09-09,43.4197,45.0202,46.6208
2014-09-10,43.6312,45.1936,46.7560
2014-09-11,43.8039,45.3593,46.9147
2014-09-12,43.9393,45.4838,47.0283
2014-09-15,44.1016,45.5776,47.0536
2014-09-16,44.1577,45.6714,47.1852
2014-09-17,44.2054,45.7386,47.2717
2014-09-18,44.2309,45.8029,47.3748
2014-09-19,44.2417,45.9252,47.6087
2014-09-22,44.2941,46.0129,47.7316
2014-09-23,44.3914,46.0800,47.7686
2014-09-24,44.4825,46.1710,47.8594
2014-09-25,44.6123,46.2202,47.8282
2014-09-26,44.8024,46.2936,47.7847
2014-09-29,45.0169,46.3679,47.7188
2014-09-30,45.1278,46.4121,47.6965
2014-10-01,45.2843,46.4507,47.6172
2014-10-02,45.4777,46.4888,47.5000
2014-10-03,45.6572,46.5283,47.3995
2014-10-06,45.6870,46.5369,47.3868
2014-10-07,45.5400,46.4921,47.4443
2014-10-08,45.5398,46.4931,47.4463
2014-10-09,45.4684,46.4460,47.4235
2014-10-10,44.9157,46.3045,47.6934
2014-10-13,44.3824,46.1595,47.9366
2014-10-14,43.9848,46.0400,48.0952
2014-10-15,43.5206,45.8714,48.2222
2014-10-16,43.0111,45.6914,48.3718
2014-10-17,42.7671,45.5462,48.3253
2014-10-20,42.6836,45.3824,48.0811
2014-10-21,42.6801,45.2786,47.8771
2014-10-22,42.6154,45.1748,47.7341
2014-10-23,42.6632,45.0767,47.4901
2014-10-24,42.6604,45.0810,47.5015
2014-10-27,42.6799,45.0571,47.4344
2014-10-28,42.6766,45.0595,47.4424
2014-10-29,42.6596,45.0719,47.4842
2014-10-30,42.6561,45.0790,47.5020
2014-10-31,42.5987,45.1357,47.6727
2014-11-03,42.5060,45.2000,47.8940
2014-11-04,42.4145,45.2705,48.1265
2014-11-05,42.3201,45.3814,48.4428
2014-11-06,42.1466,45.4729,48.7991
2014-11-07,42.0127,45.6076,49.2025
2014-11-10,42.0592,45.8390,49.6189
2014-11-11,42.2305,46.0876,49.9447
2014-11-12,42.4593,46.3281,50.1969
2014-11-13,42.7842,46.6324,50.4806
2014-11-14,43.3313,46.9581,50.5849
2014-11-17,43.7820,47.2357,50.6894
2014-11-18,44.2537,47.4576,50.6615
2014-11-19,44.6152,47.6167,50.6182
2014-11-20,45.1638,47.8224,50.4809
2014-11-21,45.6187,47.9633,50.3080
2014-11-24,45.8273,48.0329,50.2384
2014-11-25,46.0961,48.1071,50.1182
2014-11-26,46.2814,48.1671,50.0529
2014-11-28,46.4599,48.2238,49.9877
2014-12-01,46.8693,48.3462,49.8231
2014-12-02,47.0795,48.4181,49.7567
2014-12-03,47.1728,48.4486,49.7244
2014-12-04,47.2863,48.5090,49.7318
2014-12-05,47.3468,48.5357,49.7247
2014-12-08,47.2493,48.4879,49.7264
2014-12-09,47.1438,48.4360,49.7281
2014-12-10,46.9116,48.3412,49.7708
2014-12-11,46.7684,48.2602,49.7521
2014-12-12,46.6012,48.1731,49.7450
2014-12-15,46.4744,48.0331,49.5918
2014-12-16,45.9872,47.8226,49.6581
2014-12-17,45.7590,47.6455,49.5319
2014-12-18,45.7653,47.5874,49.4095
2014-12-19,45.7602,47.5607,49.3613
2014-12-22,45.7876,47.5264,49.2653
2014-12-23,45.7754,47.5488,49.3222
2014-12-24,45.7838,47.5750,49.3662
2014-12-26,45.7994,47.5945,49.3896
2014-12-29,45.7855,47.5802,49.3750
2014-12-30,45.7357,47.5426,49.3496
2014-12-31,45.6424,47.4393,49.2361
2015-01-02,45.6000,47.3583,49.1167
2015-01-05,45.4948,47.2748,49.0547
2015-01-06,45.3588,47.1229,48.8869
2015-01-07,45.3157,47.0186,48.7215
2015-01-08,45.3180,47.0136,48.7091
2015-01-09,45.3164,46.9945,48.6726
2015-01-12,45.2941,46.9802,48.6664
2015-01-13,45.2371,46.9414,48.6457
2015-01-14,45.1388,46.8940,48.6493
2015-01-15,44.9828,46.8374,48.6920
2015-01-16,45.1681,46.8888,48.6096
2015-01-20,45.2605,46.9198,48.5790
2015-01-21,45.1549,46.8436,48.5323
2015-01-22,45.1637,46.8183,48.4730
2015-01-23,45.1991,46.7802,48.3613
2015-01-26,45.3116,46.7117,48.1117
2015-01-27,44.3469,46.4507,48.5545
2015-01-28,43.1485,46.1321,49.1158
2015-01-29,42.4761,45.8731,49.2701
2015-01-30,41.4839,45.5579,49.6318
2015-02-02,40.8744,45.3117,49.7489
2015-02-03,40.4106,45.0660,49.7213
2015-02-04,40.0389,44.8524,49.6659
2015-02-05,39.7954,44.7000,49.6046
2015-02-06,39.5708,44.5181,49.4654
2015-02-09,39.4402,44.2690,49.0978
2015-02-10,39.3567,44.0505,48.7443
2015-02-11,39.2491,43.8495,48.4499
2015-02-12,39.2240,43.6940,48.1641
2015-02-13,39.2389,43.5948,47.9507
2015-02-17,39.2306,43.5043,47.7779
2015-02-18,39.2799,43.3752,47.4706
2015-02-19,39.3687,43.2376,47.1065
2015-02-20,39.4472,43.1393,46.8314
2015-02-23,39.7244,42.9974,46.2703
2015-02-24,40.1079,42.8502,45.5926
2015-02-25,40.6113,42.7064,44.8015
2015-02-26,40.6008,42.7729,44.9449
2015-02-27,40.8025,42.8995,44.9965
2015-03-02,40.8914,42.9886,45.0857
2015-03-03,41.3757,43.1257,44.8758
2015-03-04,41.6655,43.2102,44.7550
2015-03-05,41.9134,43.2821,44.6509
2015-03-06,42.0275,43.3069,44.5863
2015-03-09,42.0869,43.3260,44.5650
2015-03-10,42.0063,43.3079,44.6094
2015-03-11,41.9268,43.2898,44.6527
2015-03-12,41.5636,43.2145,44.8655
2015-03-13,41.3711,43.1669,44.9627
2015-03-16,41.1720,43.0940,45.0161
2015-03-17,41.0132,42.9905,44.9677
2015-03-18,40.9696,42.9390,44.9085
2015-03-19,40.9101,42.8798,44.8494
2015-03-20,40.9002,42.8502,44.8003
2015-03-23,40.9049,42.8026,44.7004
2015-03-24,40.9422,42.7431,44.5440
2015-03-25,40.8434,42.6179,44.3923
2015-03-26,40.7255,42.4855,44.2454
2015-03-27,40.6125,42.3386,44.0646
2015-03-30,40.5186,42.2010,43.8833
2015-03-31,40.4182,42.0474,43.6766
2015-04-01,40.3003,41.9255,43.5506
2015-04-02,40.1091,41.7938,43.4785
2015-04-06,40.1388,41.7193,43.2997
2015-04-07,40.1241,41.6798,43.2355
2015-04-08,40.1441,41.6117,43.0792
2015-04-09,40.1292,41.5855,43.0418
2015-04-10,40.1260,41.5731,43.0202
2015-04-13,40.1809,41.6083,43.0357
2015-04-14,40.1974,41.6212,43.0450
2015-04-15,40.2056,41.6543,43.1029
2015-04-16,40.2118,41.6764,43.1410
2015-04-17,40.2167,41.6343,43.0518
2015-04-20,40.1695,41.6638,43.1581
2015-04-21,40.1926,41.6521,43.1117
2015-04-22,40.1775,41.6583,43.1392
2015-04-23,40.1185,41.6793,43.2401
2015-04-24,38.9260,41.9845,45.0430
2015-04-27,38.3369,42.3093,46.2816
2015-04-28,37.8250,42.6990,47.5731
2015-04-29,37.5809,43.0848,48.5886
2015-04-30,37.5941,43.4650,49.3359
2015-05-01,37.7116,43.8429,49.9741
2015-05-04,38.0329,44.2214,50.4099
2015-05-05,38.2828,44.5098,50.7367
2015-05-06,38.6142,44.7360,50.8577
2015-05-07,38.9988,44.9874,50.9760
2015-05-08,39.4023,45.2860,51.1696
2015-05-11,39.8337,45.5550,51.2763
2015-05-12,40.3148,45.8212,51.3275
2015-05-13,40.8806,46.1057,51.3308
2015-05-14,41.3737,46.4136,51.4534
2015-05-15,41.9848,46.7057,51.4266
2015-05-18,42.8505,47.0102,51.1700
2015-05-19,43.4969,47.2329,50.9688
2015-05-20,44.3488,47.4683,50.5879
2015-05-21,45.2868,47.6795,50.0722
2015-05-22,46.3866,47.8490,49.3115
2015-05-26,46.2306,47.7881,49.3456
2015-05-27,46.2127,47.7681,49.3234
2015-05-28,46.2566,47.6869,49.1172
2015-05-29,46.2507,47.5821,48.9136
2015-06-01,46.2639,47.5150,48.7661
2015-06-02,46.2671,47.4324,48.5977
2015-06-03,46.2345,47.3662,48.4979
2015-06-04,46.1033,47.3071,48.5110
2015-06-05,46.0727,47.3005,48.5283
2015-06-08,45.8758,47.2543,48.6327
2015-06-09,45.6365,47.1543,48.6720
2015-06-10,45.5865,47.1181,48.6497
2015-06-11,45.5205,47.0748,48.6290
2015-06-12,45.3942,46.9960,48.5977
2015-06-15,45.3102,46.8414,48.3726
2015-06-16,45.2812,46.7240,48.1669
2015-06-17,45.2714,46.6269,47.9824
2015-06-18,45.2978,46.5860,47.8741
2015-06-19,45.2922,46.5155,47.7387
2015-06-22,45.2999,46.4588,47.6177
2015-06-23,45.2478,46.4117,47.5755
2015-06-24,45.1599,46.3662,47.5725
2015-06-25,45.1668,46.2729,47.3789
2015-06-26,45.1144,46.1686,47.2227
2015-06-29,44.7930,46.0500,47.3070
2015-06-30,44.5190,45.9033,47.2877
2015-07-01,44.3470,45.7855,47.2239
2015-07-02,44.1976,45.6688,47.1400
2015-07-06,44.0421,45.5750,47.1079
2015-07-07,43.8849,45.4874,47.0898
2015-07-08,43.7333,45.4164,47.0995
2015-07-09,43.6410,45.3626,47.0842
2015-07-10,43.6123,45.2674,46.9224
2015-07-13,43.6484,45.2245,46.8006
2015-07-14,43.6564,45.2079,46.7593
2015-07-15,43.6560,45.2214,46.7869
2015-07-16,43.5972,45.2610,46.9247
2015-07-17,43.5540,45.2919,47.0298
2015-07-20,43.5305,45.3014,47.0724
2015-07-21,43.4217,45.3576,47.2936
2015-07-22,43.4261,45.3248,47.2234
2015-07-23,43.4220,45.3343,47.2466
2015-07-24,43.4230,45.3488,47.2746
2015-07-27,43.4134,45.3345,47.2556
2015-07-28,43.4175,45.3383,47.2591
2015-07-29,43.5193,45.4298,47.3402
2015-07-30,43.6438,45.5598,47.4757
2015-07-31,43.7604,45.6671,47.5739
2015-08-03,43.9041,45.7819,47.6597
2015-08-04,44.0199,45.9319,47.8439
2015-08-05,44.1991,46.0881,47.9771
2015-08-06,44.4926,46.2014,47.9103
2015-08-07,44.7604,46.3071,47.8538
2015-08-10,45.0310,46.4367,47.8423
2015-08-11,45.1305,46.4781,47.8257
2015-08-12,45.2363,46.5314,47.8266
2015-08-13,45.3274,46.5776,47.8278
2015-08-14,45.3310,46.5938,47.8566
2015-08-17,45.3269,46.6271,47.9273
2015-08-18,45.3203,46.6438,47.9674
2015-08-19,45.3193,46.6119,47.9045
2015-08-20,45.3431,46.6176,47.8922
2015-08-21,44.5009,46.4729,48.4449
2015-08-24,43.4335,46.2700,49.1065
2015-08-25,42.2858,46.0376,49.7894
2015-08-26,41.9087,45.9124,49.9161
2015-08-27,41.7093,45.7986,49.8878
2015-08-28,41.5246,45.6581,49.7916
2015-08-31,41.3046,45.5067,49.7088
2015-09-01,40.8309,45.2690,49.7072
2015-09-02,40.6825,45.0700,49.4575
2015-09-03,40.5898,44.8757,49.1616
2015-09-04,40.3695,44.6848,49.0000
2015-09-08,40.3225,44.5490,48.7756
2015-09-09,40.2667,44.3462,48.4257
2015-09-10,40.2032,44.1976,48.1920
2015-09-11,40.2049,44.0424,47.8798
2015-09-14,40.2036,43.8667,47.5297
2015-09-15,40.3365,43.7229,47.1093
2015-09-16,40.5818,43.5790,46.5763
2015-09-17,40.9070,43.4352,45.9635
2015-09-18,41.1925,43.2862,45.3799
2015-09-21,41.3637,43.2124,45.0611
2015-09-22,41.3817,43.2519,45.1221
2015-09-23,41.6080,43.3562,45.1044
2015-09-24,42.3281,43.5200,44.7119
2015-09-25,42.4316,43.5786,44.7256
2015-09-28,42.4057,43.5495,44.6934
2015-09-29,42.3944,43.5262,44.6580
2015-09-30,42.3873,43.5614,44.7355
2015-10-01,42.7249,43.6943,44.6637
2015-10-02,42.5568,43.7995,45.0422
2015-10-05,42.2268,43.9486,45.6703
2015-10-06,42.1551,44.1457,46.1363
2015-10-07,42.0006,44.2843,46.5680
2015-10-08,41.9104,44.4929,47.0753
2015-10-09,41.9241,44.6748,47.4254
2015-10-12,41.9768,44.8424,47.7079
2015-10-13,42.1522,45.0257,47.8992
2015-10-14,42.2382,45.1543,48.0704
2015-10-15,42.2910,45.2833,48.2757
2015-10-16,42.3404,45.4386,48.5367
2015-10-19,42.5343,45.6357,48.7372
2015-10-20,42.6601,45.8100,48.9599
2015-10-21,42.8856,45.9671,49.0487
2015-10-22,43.1137,46.1652,49.2168
2015-10-23,42.5698,46.5919,50.6140
2015-10-26,42.0784,47.0829,52.0873
2015-10-27,42.1340,47.5781,53.0222
2015-10-28,42.3202,48.0800,53.8398
2015-10-29,42.6010,48.5133,54.4256
2015-10-30,43.0040,48.8957,54.7874
2015-11-02,43.2888,49.2610,55.2331
2015-11-03,43.4232,49.6190,55.8149
2015-11-04,43.6081,49.9833,56.3585
2015-11-05,43.8733,50.3443,56.8153
2015-11-06,44.0849,50.7000,57.3151
2015-11-09,44.4680,51.0357,57.6034
2015-11-10,44.9571,51.3457,57.7343
2015-11-11,45.5333,51.6676,57.8019
2015-11-12,46.2383,51.9838,57.7294
2015-11-13,46.9576,52.2614,57.5653
2015-11-16,47.6699,52.5593,57.4487
2015-11-17,48.4515,52.8140,57.1766
2015-11-18,49.3546,53.1036,56.8525
2015-11-19,50.7530,53.4245,56.0961
2015-11-20,52.5509,53.7179,54.8848
2015-11-23,52.6620,53.7807,54.8994
2015-11-24,52.6620,53.7807,54.8994
2015-11-25,52.6620,53.7807,54.8994
2015-11-27,52.6612,53.7783,54.8955
2015-11-30,52.6994,53.8255,54.9516
2015-12-01,52.8036,53.9483,55.0931
2015-12-02,52.8244,54.0421,55.2599
2015-12-03,52.8258,54.0445,55.2633
2015-12-04,52.6661,54.1164,55.5668
2015-12-07,52.5665,54.1845,55.8026
2015-12-08,52.4942,54.2260,55.9577
2015-12-09,52.5042,54.2650,56.0258
2015-12-10,52.5722,54.3488,56.1254
2015-12-11,52.6140,54.3683,56.1226
2015-12-14,52.7370,54.4550,56.1730
2015-12-15,52.9831,54.5674,56.1517
2015-12-16,53.0062,54.6800,56.3538
2015-12-17,53.2688,54.8100,56.3512
2015-12-18,53.3110,54.8233,56.3357
2015-12-21,53.4058,54.8657,56.3256
2015-12-22,53.4798,54.9210,56.3621
2015-12-23,53.5477,54.9986,56.4494
2015-12-24,53.6289,55.0662,56.5035
2015-12-28,53.8294,55.1738,56.5182
2015-12-29,53.9527,55.2986,56.6444
2015-12-30,54.0503,55.3919,56.7335
2015-12-31,54.0645,55.4043,56.7441
2016-01-04,54.0224,55.3848,56.7471
2016-01-05,54.1590,55.4252,56.6915
2016-01-06,53.9628,55.3367,56.7105
2016-01-07,53.2568,55.1633,57.0698
2016-01-08,52.7669,54.9986,57.2303
2016-01-11,52.3605,54.8710,57.3814
2016-01-12,52.0975,54.7524,57.4073
2016-01-13,51.6792,54.6371,57.5951
2016-01-14,51.5225,54.5405,57.5584
2016-01-15,50.9836,54.3400,57.6964
2016-01-19,50.4560,54.0748,57.6935
2016-01-20,50.0424,53.8410,57.6395
2016-01-21,49.6121,53.6671,57.7222
2016-01-22,49.4856,53.5462,57.6068
2016-01-25,49.3342,53.3767,57.4191
2016-01-26,49.2836,53.2029,57.1221
2016-01-27,49.1477,52.9910,56.8342
2016-01-28,49.1816,52.8055,56.4293
2016-01-29,49.3542,52.7360,56.1177
2016-02-01,49.5417,52.6598,55.7778
2016-02-02,49.6828,52.5417,55.4006
2016-02-03,49.7389,52.4160,55.0930
2016-02-04,49.8637,52.2707,54.6777
2016-02-05,49.6561,52.0855,54.5148
2016-02-08,49.2717,51.9540,54.6364
2016-02-09,48.9027,51.8088,54.7149
2016-02-10,48.6560,51.6855,54.7150
2016-02-11,48.4365,51.5383,54.6402
2016-02-12,48.3515,51.4840,54.6166
2016-02-16,48.3379,51.3879,54.4378
2016-02-17,48.3808,51.4560,54.5311
2016-02-18,48.4706,51.5336,54.5966
2016-02-19,48.5359,51.5826,54.6294
2016-02-22,48.6486,51.6860,54.7233
2016-02-23,48.6010,51.6331,54.6652
2016-02-24,48.5793,51.6126,54.6460
2016-02-25,48.5782,51.6093,54.6403
2016-02-26,48.5838,51.6131,54.6424
2016-02-29,48.5192,51.5571,54.5951
2016-03-01,48.7930,51.4376,54.0822
2016-03-02,49.0382,51.3538,53.6694
2016-03-03,49.0799,51.3229,53.5658
2016-03-04,49.0823,51.3167,53.5511
2016-03-07,49.0545,51.2705,53.4865
2016-03-08,49.1774,51.3414,53.5055
2016-03-09,49.4327,51.5048,53.5769
2016-03-10,49.8097,51.6367,53.4636
2016-03-11,50.0880,51.7967,53.5054
2016-03-14,50.4380,51.9624,53.4868
2016-03-15,50.5816,52.1095,53.6374
2016-03-16,50.5338,52.2648,53.9957
2016-03-17,50.3617,52.3714,54.3811
2016-03-18,50.3704,52.4333,54.4962
2016-03-21,50.4012,52.5305,54.6598
2016-03-22,50.3700,52.5981,54.8262
2016-03-23,50.5243,52.7310,54.9376
2016-03-24,50.6634,52.8667,55.0699
2016-03-28,50.7421,52.9352,55.1284
2016-03-29,50.9079,53.0976,55.2874
2016-03-30,51.1923,53.2962,55.4001
2016-03-31,51.1914,53.4224,55.6534
2016-04-01,51.1490,53.5471,55.9453
2016-04-04,51.2306,53.6938,56.1570
2016-04-05,51.4426,53.8143,56.1860
2016-04-06,51.9302,54.0090,56.0878
2016-04-07,52.3461,54.1429,55.9397
2016-04-08,52.5160,54.2181,55.9202
2016-04-11,52.9268,54.3257,55.7247
2016-04-12,53.1148,54.4010,55.6871
2016-04-13,53.2825,54.5048,55.7270
2016-04-14,53.3868,54.5890,55.7913
2016-04-15,53.3728,54.6510,55.9291
2016-04-18,53.2441,54.7367,56.2292
2016-04-19,53.3333,54.8748,56.4162
2016-04-20,53.4571,54.9571,56.4572
2016-04-21,53.5544,55.0386,56.5227
2016-04-22,52.9433,54.9343,56.9253
2016-04-25,52.5227,54.8343,57.1459
2016-04-26,52.0549,54.7343,57.4137
2016-04-27,51.4255,54.5548,57.6840
2016-04-28,50.6174,54.3095,58.0017
2016-04-29,49.9355,54.0543,58.1730
2016-05-02,49.5096,53.8181,58.1266
2016-05-03,48.9791,53.5490,58.1190
2016-05-04,48.5227,53.3257,58.1287
2016-05-05,48.1399,53.0790,58.0182
2016-05-06,47.8594,52.8852,57.9111
2016-05-09,47.5645,52.6781,57.7917
2016-05-10,47.4159,52.5214,57.6270
2016-05-11,47.3004,52.3500,57.3996
2016-05-12,47.2902,52.1671,57.0441
2016-05-13,47.2834,51.9633,56.6433
2016-05-16,47.4014,51.7814,56.1614
2016-05-17,47.6249,51.4981,55.3713
2016-05-18,48.0306,51.2324,54.4342
2016-05-19,48.4239,50.9814,53.5390
2016-05-20,49.3434,50.7357,52.1280
2016-05-23,49.3115,50.6524,51.9932
2016-05-24,49.3794,50.6276,51.8759
2016-05-25,49.2989,50.6600,52.0211
2016-05-26,49.2501,50.7052,52.1604
2016-05-27,49.2592,50.8205,52.3818
2016-05-31,49.2141,50.9695,52.7249
2016-06-01,49.1566,51.0762,52.9958
2016-06-02,49.2880,51.2048,53.1216
2016-06-03,49.4614,51.2962,53.1310
2016-06-06,49.6383,51.4005,53.1626
2016-06-07,49.7564,51.4819,53.2074
2016-06-08,49.9565,51.5757,53.1949
2016-06-09,50.0043,51.6043,53.2043
2016-06-10,50.0427,51.6248,53.2068
2016-06-13,49.8557,51.5595,53.2634
2016-06-14,49.6520,51.5000,53.3480
2016-06-15,49.4039,51.3981,53.3923
2016-06-16,49.3874,51.3924,53.3974
2016-06-17,49.2973,51.3600,53.4227
2016-06-20,49.2588,51.3481,53.4374
2016-06-21,49.3098,51.3752,53.4406
2016-06-22,49.4357,51.4210,53.4062
2016-06-23,49.4411,51.4362,53.4313
2016-06-24,49.2451,51.3271,53.4092
2016-06-27,48.7614,51.1624,53.5634
2016-06-28,48.5759,51.0252,53.4746
2016-06-29,48.6175,50.9081,53.1986
2016-06-30,48.7031,50.8281,52.9531
2016-07-01,48.7649,50.7652,52.7655
2016-07-05,48.7790,50.7357,52.6925
2016-07-06,48.8205,50.7000,52.5795
2016-07-07,48.8650,50.6657,52.4664
2016-07-08,48.8366,50.6781,52.5196
2016-07-11,48.7470,50.7243,52.7016
2016-07-12,48.5816,50.8067,53.0317
2016-07-13,48.4862,50.9671,53.4481
2016-07-14,48.4636,51.1533,53.8431
2016-07-15,48.5307,51.3443,54.1579
2016-07-18,48.5259,51.5143,54.5027
2016-07-19,48.6621,51.6552,54.6484
2016-07-20,48.5247,51.9333,55.3420
2016-07-21,48.3887,52.1529,55.9170
2016-07-22,48.2538,52.4186,56.5833
2016-07-25,48.1065,52.6481,57.1897
2016-07-26,48.2985,52.9781,57.6576
2016-07-27,48.9457,53.3476,57.7495
2016-07-28,49.4732,53.6700,57.8668
2016-07-29,49.8234,53.9624,58.1014
2016-08-01,50.1352,54.2200,58.3048
2016-08-02,50.5162,54.4781,58.4400
2016-08-03,50.9478,54.7543,58.5608
2016-08-04,51.3913,55.0405,58.6897
2016-08-05,51.8904,55.3538,58.8172
2016-08-08,52.2646,55.6281,58.9915
2016-08-09,52.6504,55.8952,59.1401
2016-08-10,52.9929,56.1243,59.2557
2016-08-11,53.3196,56.3524,59.3851
2016-08-12,53.6857,56.5524,59.4190
2016-08-15,54.1249,56.7629,59.4008
2016-08-16,54.5962,56.9286,59.2610
2016-08-17,55.5514,57.1414,58.7314
2016-08-18,55.7208,57.2219,58.7230
2016-08-19,55.9417,57.3086,58.6755
2016-08-22,56.0274,57.3610,58.6945
2016-08-23,56.0957,57.4162,58.7367
2016-08-24,56.1678,57.4729,58.7779
2016-08-25,56.3644,57.5671,58.7699
2016-08-26,56.6018,57.6538,58.7058
2016-08-29,56.7490,57.7214,58.6939
2016-08-30,56.9548,57.7838,58.6129
2016-08-31,57.1744,57.8257,58.4771
2016-09-01,57.3150,57.8552,58.3955
2016-09-02,57.3621,57.8686,58.3750
2016-09-06,57.3357,57.8519,58.3681
2016-09-07,57.3192,57.8329,58.3465
2016-09-08,57.2827,57.7962,58.3097
2016-09-09,56.8712,57.7100,58.5488
2016-09-12,56.8101,57.6505,58.4908
2016-09-13,56.6287,57.5833,58.5379
2016-09-14,56.4184,57.4948,58.5712
2016-09-15,56.3988,57.4829,58.5669
2016-09-16,56.3802,57.4681,58.5560
2016-09-19,56.3266,57.4362,58.5458
2016-09-20,56.2603,57.3976,58.5350
2016-09-21,56.2598,57.4019,58.5440
2016-09-22,56.2618,57.3986,58.5353
2016-09-23,56.2638,57.3738,58.4838
2016-09-26,56.2459,57.3133,58.3808
2016-09-27,56.2518,57.3095,58.3672
2016-09-28,56.2581,57.3062,58.3543
2016-09-29,56.2664,57.2829,58.2993
2016-09-30,56.2667,57.2895,58.3123
2016-10-03,56.2656,57.2814,58.2973
2016-10-04,56.2600,57.2610,58.2619
2016-10-05,56.2594,57.2624,58.2654
2016-10-06,56.2566,57.2662,58.2758
2016-10-07,56.2508,57.2838,58.3169
2016-10-10,56.4086,57.3710,58.3333
2016-10-11,56.4224,57.3776,58.3329
2016-10-12,56.5185,57.4052,58.2920
2016-10-13,56.6768,57.4367,58.1965
2016-10-14,56.6957,57.4476,58.1995
2016-10-17,56.6927,57.4462,58.1997
2016-10-18,56.7592,57.4810,58.2027
2016-10-19,56.8588,57.5152,58.1717
2016-10-20,56.8348,57.4910,58.1471
2016-10-21,56.4493,57.5786,58.7079
2016-10-24,55.9087,57.7486,59.5885
2016-10-25,55.6855,57.9433,60.2011
2016-10-26,55.5397,58.0710,60.6022
2016-10-27,55.4951,58.1695,60.8439
2016-10-28,55.5421,58.2871,61.0322
2016-10-31,55.5862,58.3976,61.2091
2016-11-01,55.6745,58.5110,61.3474
2016-11-02,55.8125,58.6152,61.4179
2016-11-03,55.9117,58.6900,61.4683
2016-11-04,55.9905,58.7362,61.4818
2016-11-07,56.0593,58.8610,61.6626
2016-11-08,56.1200,58.9767,61.8333
2016-11-09,56.3359,59.1186,61.9012
2016-11-10,56.5513,59.1943,61.8373
2016-11-11,56.8518,59.2943,61.7368
2016-11-14,56.9707,59.3276,61.6845
2016-11-15,57.2327,59.4062,61.5797
2016-11-16,57.4715,59.5010,61.5304
2016-11-17,57.7681,59.6490,61.5300
2016-11-18,58.2320,59.7967,61.3614
2016-11-21,58.2269,59.8538,61.4808
2016-11-22,58.2157,59.8595,61.5033
2016-11-23,58.2468,59.8314,61.4161
2016-11-25,58.2511,59.8267,61.4022
2016-11-28,58.2439,59.8510,61.4580
2016-11-29,58.2174,59.9090,61.6007
2016-11-30,58.2270,59.9252,61.6235
2016-12-01,58.1710,59.8967,61.6223
2016-12-02,58.1515,59.8881,61.6247
2016-12-05,58.2216,59.9362,61.6508
2016-12-06,58.3705,59.9952,61.6199
2016-12-07,58.3209,60.0405,61.7601
2016-12-08,58.3060,60.0662,61.8264
2016-12-09,58.2135,60.1519,62.0903
2016-12-12,58.3116,60.3171,62.3227
2016-12-13,58.2898,60.5057,62.7216
2016-12-14,58.5926,60.7229,62.8531
2016-12-15,58.7981,60.8995,63.0010
2016-12-16,58.9213,61.0257,63.1301
2016-12-19,58.8008,61.1676,63.5344
2016-12-20,58.7790,61.3195,63.8600
2016-12-21,58.7475,61.4471,64.1468
2016-12-22,58.7245,61.5629,64.4012
2016-12-23,58.8239,61.6981,64.5723
2016-12-27,58.9291,61.8290,64.7290
2016-12-28,59.0559,61.9424,64.8289
2016-12-29,59.1410,62.0286,64.9162
2016-12-30,59.3409,62.1181,64.8953
2017-01-03,59.8239,62.2790,64.7342
2017-01-04,60.3759,62.4243,64.4727
2017-01-05,60.7250,62.5233,64.3217
2017-01-06,61.2767,62.6610,64.0452
2017-01-09,61.4628,62.7214,63.9801
2017-01-10,61.7957,62.7981,63.8004
2017-01-11,61.9129,62.8562,63.7995
2017-01-12,61.9772,62.8771,63.7771
2017-01-13,61.9620,62.8638,63.7656
2017-01-17,61.9468,62.8567,63.7665
2017-01-18,61.9378,62.8529,63.7679
2017-01-19,61.9378,62.8529,63.7679
2017-01-20,61.9620,62.8110,63.6599
2017-01-23,61.9955,62.7833,63.5711
2017-01-24,61.9982,62.7824,63.5666
2017-01-25,61.9786,62.7886,63.5985
2017-01-26,61.8249,62.8376,63.8503
2017-01-27,61.3502,62.9567,64.5631
2017-01-30,61.2042,63.0586,64.9129
2017-01-31,61.1700,63.1419,65.1138
2017-02-01,61.2830,63.2105,65.1379
2017-02-02,61.3316,63.2386,65.1455
2017-02-03,61.4365,63.3043,65.1720
2017-02-06,61.5511,63.3681,65.1851
2017-02-07,61.5945,63.3962,65.1979
2017-02-08,61.6594,63.4295,65.1996
2017-02-09,61.7473,63.4981,65.2489
2017-02-10,61.7790,63.5367,65.2943
2017-02-13,61.8617,63.6371,65.4126
2017-02-14,61.9602,63.7262,65.4922
2017-02-15,62.1088,63.8214,65.5341
2017-02-16,62.2878,63.9176,65.5475
2017-02-17,62.5438,64.0281,65.5124
2017-02-21,62.7330,64.1114,65.4898
2017-02-22,62.8969,64.1781,65.4593
2017-02-23,62.9714,64.2305,65.4895
2017-02-24,63.0309,64.2752,65.5196
2017-02-27,63.0289,64.2733,65.5178
2017-02-28,63.1372,64.1876,65.2380
2017-03-01,63.1580,64.1786,65.1992
2017-03-02,63.1476,64.1481,65.1486
2017-03-03,63.2118,64.1800,65.1482
2017-03-06,63.3758,64.2324,65.0890
2017-03-07,63.4443,64.2667,65.0890
2017-03-08,63.5036,64.3310,65.1583
2017-03-09,63.6546,64.3929,65.1311
2017-03-10,63.8637,64.4686,65.0734
2017-03-13,63.9153,64.4995,65.0837
2017-03-14,63.9770,64.5190,65.0611
2017-03-15,63.9762,64.5205,65.0648
2017-03-16,63.9775,64.5238,65.0701
2017-03-17,63.9741,64.5400,65.1059
2017-03-20,63.9699,64.5595,65.1491
2017-03-21,63.9328,64.5400,65.1472
2017-03-22,63.9244,64.5657,65.2070
2017-03-23,63.9431,64.5900,65.2369
2017-03-24,63.9392,64.6071,65.2751
2017-03-27,63.9298,64.6300,65.3302
2017-03-28,63.9507,64.6805,65.4102
2017-03-29,64.0182,64.7514,65.4847
2017-03-30,63.9511,64.7881,65.6251
2017-03-31,63.9970,64.8762,65.7554
2017-04-03,64.0609,64.9381,65.8153
2017-04-04,64.1218,65.0076,65.8934
2017-04-05,64.1910,65.0629,65.9347
2017-04-06,64.1821,65.0981,66.0141
2017-04-07,64.2109,65.1433,66.0758
2017-04-10,64.2306,65.1719,66.1132
2017-04-11,64.2822,65.2086,66.1349
2017-04-12,64.3929,65.2476,66.1024
2017-04-13,64.4205,65.2571,66.0938
2017-04-17,64.5031,65.2971,66.0912
2017-04-18,64.5506,65.3219,66.0932
2017-04-19,64.5651,65.3271,66.0892
2017-04-20,64.8110,65.3886,65.9661
2017-04-21,64.7560,65.4538,66.1516
2017-04-24,64.4947,65.5805,66.6662
2017-04-25,64.2802,65.7205,67.1607
2017-04-26,64.1828,65.8505,67.5181
2017-04-27,64.0544,65.9924,67.9304
2017-04-28,63.9479,66.1348,68.3217
2017-05-01,63.7289,66.3110,68.8931
2017-05-02,63.6072,66.4748,69.3423
2017-05-03,63.6031,66.6429,69.6826
2017-05-04,63.6447,66.7895,69.9343
2017-05-05,63.7245,66.9533,70.1821
2017-05-08,63.8201,67.1062,70.3923
2017-05-09,63.9464,67.2662,70.5860
2017-05-10,64.1126,67.4462,70.7798
2017-05-11,64.3490,67.5881,70.8272
2017-05-12,64.6621,67.7381,70.8141
2017-05-15,65.0820,67.9038,70.7256
2017-05-16,65.4197,68.0910,70.7622
2017-05-17,65.7868,68.1905,70.5941
2017-05-18,66.3514,68.3176,70.2839
2017-05-19,66.8774,68.4219,69.9664
2017-05-22,67.2670,68.5195,69.7721
2017-05-23,67.4016,68.5743,69.7470
2017-05-24,67.4770,68.6148,69.7525
2017-05-25,67.5422,68.7000,69.8578
2017-05-26,67.5227,68.7805,70.0382
2017-05-30,67.4473,68.8733,70.2994
2017-05-31,67.4258,68.8938,70.3618
2017-06-01,67.3843,68.9319,70.4795
2017-06-02,67.0976,69.0595,71.0214
2017-06-05,66.8366,69.2248,71.6130
2017-06-06,66.6265,69.3924,72.1582
2017-06-07,66.5211,69.5567,72.5922
2017-06-08,66.5050,69.6952,72.8855
2017-06-09,66.5473,69.7433,72.9394
2017-06-12,66.6621,69.8062,72.9503
2017-06-13,66.8180,69.9143,73.0106
2017-06-14,66.9753,70.0019,73.0286
2017-06-15,67.0097,70.0252,73.0408
2017-06-16,67.3520,70.1452,72.9385
2017-06-19,67.7107,70.2957,72.8807
2017-06-20,68.0836,70.4014,72.7193
2017-06-21,68.3386,70.4881,72.6376
2017-06-22,68.5671,70.5633,72.5596
2017-06-23,68.8361,70.6795,72.5229
2017-06-26,68.9393,70.7229,72.5064
2017-06-27,68.8161,70.6871,72.5582
2017-06-28,68.7521,70.6581,72.5641
2017-06-29,68.5000,70.5938,72.6877
2017-06-30,68.3352,70.5381,72.7410
2017-07-03,68.0178,70.3671,72.7165
2017-07-05,67.9686,70.2148,72.4609
2017-07-06,67.9274,70.0267,72.1259
2017-07-07,68.0634,69.8871,71.7109
2017-07-10,68.2179,69.7933,71.3688
2017-07-11,68.2170,69.7776,71.3383
2017-07-12,68.1763,69.8429,71.5094
2017-07-13,68.0661,69.8962,71.7263
2017-07-14,67.8135,70.0157,72.2179
2017-07-17,67.5615,70.1800,72.7985
2017-07-18,67.4036,70.3371,73.2707
2017-07-19,67.1879,70.4795,73.7711
2017-07-20,67.0420,70.6848,74.3275
2017-07-21,66.9844,70.8524,74.7203
2017-07-24,66.9827,71.0114,75.0402
2017-07-25,66.9028,71.1533,75.4039
2017-07-26,66.9074,71.3210,75.7345
2017-07-27,67.1349,71.5090,75.8832
2017-07-28,67.3127,71.6633,76.0139
2017-07-31,67.7342,71.8638,75.9934
2017-08-01,68.1145,72.0376,75.9608
2017-08-02,68.7111,72.2324,75.7537
2017-08-03,69.1502,72.3786,75.6070
2017-08-04,69.8314,72.5743,75.3172
2017-08-07,70.3471,72.7143,75.0815
2017-08-08,70.8210,72.8481,74.8752
2017-08-09,71.3773,72.9662,74.5551
2017-08-10,71.4433,72.9786,74.5138
2017-08-11,71.5582,73.0133,74.4685
2017-08-14,71.5807,73.0519,74.5231
2017-08-15,71.5785,73.0457,74.5130
2017-08-16,71.5761,73.0624,74.5486
2017-08-17,71.5259,72.9929,74.4598
2017-08-18,71.5371,72.9105,74.2839
2017-08-21,71.4816,72.8324,74.1832
2017-08-22,71.4957,72.8114,74.1271
2017-08-23,71.5791,72.7414,73.9038
2017-08-24,71.6723,72.6767,73.6810
2017-08-25,71.6771,72.6605,73.6439
2017-08-28,71.6785,72.6505,73.6224
2017-08-29,71.6805,72.6671,73.6538
2017-08-30,71.5964,72.7352,73.8741
2017-08-31,71.4457,72.8548,74.2638
2017-09-01,71.4957,72.9400,74.3843
2017-09-05,71.5177,72.9843,74.4509
2017-09-06,71.5794,73.0319,74.4844
2017-09-07,71.5557,73.1057,74.6558
2017-09-08,71.6122,73.1776,74.7431
2017-09-11,71.8436,73.3371,74.8307
2017-09-12,71.8926,73.4410,74.9893
2017-09-13,71.7960,73.5181,75.2402
2017-09-14,71.7960,73.5919,75.3878
2017-09-15,71.7314,73.6710,75.6105
2017-09-18,71.8511,73.8024,75.7537
2017-09-19,71.9651,73.9429,75.9206
2017-09-20,72.2270,74.0757,75.9245
2017-09-21,72.3225,74.1257,75.9289
2017-09-22,72.5136,74.2062,75.8987
2017-09-25,72.6226,74.2333,75.8441
2017-09-26,72.7075,74.2543,75.8011
2017-09-27,72.8788,74.3029,75.7269
2017-09-28,73.0158,74.3419,75.6680
2017-09-29,73.0458,74.3648,75.6837
2017-10-02,73.0458,74.3571,75.6685
2017-10-03,73.0734,74.3724,75.6714
2017-10-04,73.1647,74.4238,75.6829
2017-10-05,73.2116,74.5462,75.8808
2017-10-06,73.1588,74.6252,76.0917
2017-10-09,73.1381,74.7352,76.3324
2017-10-10,73.0790,74.8081,76.5372
2017-10-11,73.0324,74.8910,76.7495
2017-10-12,72.8967,74.9819,77.0671
2017-10-13,72.7725,75.1114,77.4504
2017-10-16,72.6459,75.2229,77.7999
2017-10-17,72.5720,75.3386,78.1051
2017-10-18,72.5107,75.4419,78.3731
2017-10-19,72.4810,75.5833,78.6856
2017-10-20,72.4773,75.8024,79.1275
2017-10-23,72.5120,76.0129,79.5137
2017-10-24,72.8051,76.2795,79.7540
2017-10-25,73.1997,76.5352,79.8708
2017-10-26,73.5323,76.7690,80.0058
2017-10-27,73.0684,77.2424,81.4164
2017-10-30,72.8325,77.6900,82.5475
2017-10-31,72.9151,78.0981,83.2811
2017-11-01,73.2073,78.5229,83.8384
2017-11-02,73.4476,78.9686,84.4895
2017-11-03,73.5907,79.3576,85.1245
2017-11-06,73.8080,79.7610,85.7139
2017-11-07,74.1046,80.1410,86.1773
2017-11-08,74.4757,80.5348,86.5938
2017-11-09,74.9535,80.9000,86.8465
2017-11-10,75.3985,81.2214,87.0443
2017-11-13,75.8470,81.5281,87.2092
2017-11-14,76.3328,81.8329,87.3329
2017-11-15,76.9118,82.0895,87.2672
2017-11-16,77.5663,82.3557,87.1451
2017-11-17,78.2117,82.5695,86.9274
2017-11-20,78.7250,82.7467,86.7683
2017-11-21,79.3442,82.9795,86.6148
2017-11-22,80.0479,83.1819,86.3159
2017-11-24,81.0186,83.4024,85.7861
2017-11-27,82.4701,83.6457,84.8213
2017-11-28,82.4096,83.6967,84.9838
2017-11-29,82.3778,83.6705,84.9631
2017-11-30,82.4277,83.7176,85.0075
2017-12-01,82.4829,83.7690,85.0552
2017-12-04,81.9140,83.6276,85.3412
2017-12-05,81.6040,83.5062,85.4084
2017-12-06,81.5506,83.4257,85.3008
2017-12-07,81.4653,83.3410,85.2166
2017-12-08,81.4885,83.3219,85.1553
2017-12-11,81.3936,83.3762,85.3588
2017-12-12,81.2706,83.4576,85.6446
2017-12-13,81.2005,83.5252,85.8499
2017-12-14,81.1879,83.5557,85.9235
2017-12-15,81.0060,83.7400,86.4740
2017-12-18,80.9495,83.8914,86.8334
2017-12-19,81.0815,84.0548,87.0280
2017-12-20,81.2433,84.1971,87.1510
2017-12-21,81.2858,84.2819,87.2780
2017-12-22,81.4045,84.3962,87.3878
2017-12-26,81.5224,84.4981,87.4737
2017-12-27,81.5810,84.5857,87.5904
2017-12-28,81.5842,84.6257,87.6672
2017-12-29,81.7220,84.7305,87.7390
2018-01-02,81.7746,84.8152,87.8559
2018-01-03,81.8170,84.9148,88.0125
2018-01-04,82.4847,85.2019,87.9191
2018-01-05,83.0254,85.5162,88.0069
2018-01-08,83.3371,85.7781,88.2191
2018-01-09,83.8745,86.0510,88.2274
2018-01-10,84.0967,86.2252,88.3537
2018-01-11,84.1421,86.3610,88.5798
2018-01-12,83.9719,86.5524,89.1329
2018-01-16,84.0651,86.6952,89.3254
2018-01-17,84.1012,86.9548,89.8083
2018-01-18,83.9585,87.1095,90.2605
2018-01-19,83.9203,87.2819,90.6435
2018-01-22,83.7937,87.5571,91.3206
2018-01-23,83.7871,87.8610,91.9348
2018-01-24,83.9007,88.1619,92.4231
2018-01-25,84.0476,88.4867,92.9258
2018-01-26,84.0900,88.8990,93.7081
2018-01-29,84.2521,89.2900,94.3279
2018-01-30,84.6470,89.6243,94.6016
2018-01-31,84.9462,90.0752,95.2043
2018-02-01,85.3940,90.4710,95.5479
2018-02-02,85.9756,90.7295,95.4834
2018-02-05,86.1334,90.7719,95.4104
2018-02-06,86.4252,90.9214,95.4177
2018-02-07,86.6031,90.9848,95.3664
2018-02-08,85.8873,90.8319,95.7765
2018-02-09,85.9440,90.8490,95.7541
2018-02-12,86.0874,90.8990,95.7107
2018-02-13,86.1092,90.9100,95.7108
2018-02-14,86.3639,91.0271,95.6904
2018-02-15,86.4518,91.1471,95.8425
2018-02-16,86.5533,91.2376,95.9220
2018-02-20,86.6764,91.3671,96.0579
2018-02-21,86.6716,91.3614,96.0513
2018-02-22,86.6667,91.3533,96.0400
2018-02-23,86.6358,91.4600,96.2842
2018-02-26,86.5052,91.6071,96.7091
2018-02-27,86.4987,91.6138,96.7289
2018-02-28,86.5041,91.6067,96.7092
2018-03-01,86.5045,91.6119,96.7193
2018-03-02,86.5946,91.5186,96.4425
2018-03-05,86.6241,91.4890,96.3540
2018-03-06,86.6361,91.5624,96.4887
2018-03-07,87.0932,91.8414,96.5896
2018-03-08,87.1223,91.9890,96.8558
2018-03-09,87.2087,92.3190,97.4294
2018-03-12,88.5826,92.8790,97.1755
2018-03-13,89.3878,93.1757,96.9636
2018-03-14,90.0666,93.4005,96.7344
2018-03-15,90.6698,93.6076,96.5454
2018-03-16,91.1053,93.7881,96.4709
2018-03-19,91.1330,93.7990,96.4651
2018-03-20,91.2906,93.8529,96.4151
2018-03-21,91.2570,93.8414,96.4259
2018-03-22,90.8064,93.7605,96.7145
2018-03-23,89.5436,93.5438,97.5440
2018-03-26,89.5354,93.5305,97.5255
2018-03-27,88.9927,93.2471,97.5015
2018-03-28,88.4848,93.0181,97.5514
2018-03-29,88.3199,92.8990,97.4782
2018-04-02,87.7481,92.6929,97.6376
2018-04-03,87.4328,92.5338,97.6348
2018-04-04,87.3941,92.4714,97.5488
2018-04-05,87.3635,92.4267,97.4898
2018-04-06,87.1505,92.2538,97.3571
2018-04-09,87.0357,92.0795,97.1233
2018-04-10,87.2522,91.9052,96.5583
2018-04-11,87.5575,91.6714,95.7854
2018-04-12,87.6090,91.6319,95.6548
2018-04-13,87.6404,91.5952,95.5500
2018-04-16,87.6412,91.5948,95.5483
2018-04-17,87.4570,91.6648,95.8726
2018-04-18,87.1810,91.8338,96.4866
2018-04-19,87.0027,91.9757,96.9488
2018-04-20,86.9608,92.0957,97.2306
2018-04-23,87.1555,92.3605,97.5654
2018-04-24,87.9776,92.6433,97.3091
2018-04-25,87.9338,92.5733,97.2128
2018-04-26,88.3266,92.8014,97.2763
2018-04-27,88.7295,93.1076,97.4858
2018-04-30,88.9123,93.2148,97.5172
2018-05-01,89.7103,93.5233,97.3364
2018-05-02,90.2928,93.7043,97.1158
2018-05-03,90.4290,93.7871,97.1452
2018-05-04,90.5746,93.9195,97.2645
2018-05-07,91.1587,94.2048,97.2508
2018-05-08,91.7445,94.4448,97.1451
2018-05-09,91.8342,94.6381,97.4420
2018-05-10,92.0804,94.9262,97.7720
2018-05-11,92.1116,95.1224,98.1332
2018-05-14,92.2503,95.3581,98.4659
2018-05-15,92.3406,95.5081,98.6756
2018-05-16,92.3229,95.5595,98.7961
2018-05-17,92.3221,95.5471,98.7722
2018-05-18,92.3240,95.5590,98.7941
2018-05-21,92.3455,95.6829,99.0203
2018-05-22,92.3641,95.7852,99.2064
2018-05-23,92.6363,96.0490,99.4618
2018-05-24,93.2314,96.3348,99.4382
2018-05-25,93.4575,96.5300,99.6025
2018-05-29,93.5170,96.6343,99.7516
2018-05-30,93.9561,96.8929,99.8296
2018-05-31,94.1551,97.0757,99.9964
2018-06-01,94.5491,97.4224,100.2956
2018-06-04,94.7797,97.7843,100.7889
2018-06-05,94.8077,98.1190,101.4304
2018-06-06,94.7352,98.4176,102.1001
2018-06-07,95.0277,98.6590,102.2904
2018-06-08,95.1266,98.8824,102.6381
2018-06-11,95.1938,99.0319,102.8700
2018-06-12,95.2969,99.2038,103.1107
2018-06-13,95.4081,99.3381,103.2681
2018-06-14,95.6164,99.5333,103.4503
2018-06-15,95.9006,99.6752,103.4499
2018-06-18,96.4355,99.8981,103.3607
2018-06-19,97.0144,100.1124,103.2104
2018-06-20,97.3461,100.3157,103.2853
2018-06-21,97.7839,100.4890,103.1942
2018-06-22,97.9929,100.5724,103.1519
2018-06-25,98.0099,100.5762,103.1425
2018-06-26,98.1463,100.6105,103.0747
2018-06-27,98.0234,100.5881,103.1528
2018-06-28,97.9659,100.5729,103.1798
2018-06-29,97.9242,100.5619,103.1996
2018-07-02,97.8790,100.5248,103.1705
2018-07-03,97.7350,100.4000,103.0650
2018-07-05,97.7315,100.2843,102.8370
2018-07-06,97.8293,100.2210,102.6126
2018-07-09,97.7904,100.2671,102.7438
2018-07-10,97.7543,100.2905,102.8266
2018-07-11,97.7160,100.3348,102.9535
2018-07-12,97.4006,100.4719,103.5432
2018-07-13,96.9621,100.6900,104.4179
2018-07-16,96.7237,100.8562,104.9887
2018-07-17,96.4844,101.1333,105.7822
2018-07-18,96.3904,101.3362,106.2820
2018-07-19,96.3967,101.5048,106.6128
2018-07-20,96.2174,101.7143,107.2112
2018-07-23,95.9416,102.0395,108.1374
2018-07-24,95.8872,102.3848,108.8824
2018-07-25,95.8105,102.9771,110.1438
2018-07-26,96.0047,103.4790,110.9534
2018-07-27,96.7803,103.9619,111.1435
2018-07-30,97.4912,104.2829,111.0745
2018-07-31,98.3057,104.6386,110.9715
2018-08-01,98.9220,104.9371,110.9522
2018-08-02,99.8436,105.3429,110.8421
2018-08-03,100.7303,105.7371,110.7440
2018-08-06,101.4077,106.0690,110.7304
2018-08-07,101.9999,106.4038,110.8077
2018-08-08,102.6050,106.7548,110.9045
2018-08-09,103.3846,107.1210,110.8573
2018-08-10,103.7741,107.3500,110.9259
2018-08-13,103.9959,107.4824,110.9688
2018-08-14,104.3095,107.7038,111.0981
2018-08-15,104.4823,107.7852,111.0881
2018-08-16,104.8226,107.9052,110.9878
2018-08-17,105.3939,108.0567,110.7195
2018-08-20,105.4876,108.0852,110.6828
2018-08-21,105.2422,107.9905,110.7388
2018-08-22,105.1881,107.9619,110.7357
2018-08-23,105.3443,107.8062,110.2681
2018-08-24,105.4054,107.7481,110.0907
2018-08-27,105.3683,107.8395,110.3107
2018-08-28,105.6549,108.0724,110.4899
2018-08-29,105.5738,108.3552,111.1367
2018-08-30,105.6109,108.6252,111.6395
2018-08-31,105.4929,108.8519,112.2109
2018-09-04,105.4783,109.0267,112.5750
2018-09-05,105.5095,109.0438,112.5781
2018-09-06,105.5011,109.0371,112.5732
2018-09-07,105.4293,108.9762,112.5230
2018-09-10,105.4242,108.9624,112.5006
2018-09-11,105.4001,109.0690,112.7380
2018-09-12,105.4228,109.2357,113.0486
2018-09-13,105.2736,109.3952,113.5168
2018-09-14,105.2936,109.6671,114.0407
2018-09-17,105.4853,109.8814,114.2776
2018-09-18,105.6618,110.1495,114.6373
2018-09-19,106.0973,110.3795,114.6618
2018-09-20,106.7326,110.7410,114.7493
2018-09-21,107.1627,111.0838,115.0049
2018-09-24,107.5493,111.4224,115.2955
2018-09-25,107.8797,111.7105,115.5413
2018-09-26,108.0936,111.9190,115.7444
2018-09-27,108.2263,112.1167,116.0070
2018-09-28,108.2223,112.2286,116.2349
2018-10-01,108.1494,112.4029,116.6563
2018-10-02,108.1262,112.5371,116.9481
2018-10-03,108.1700,112.7019,117.2338
2018-10-04,108.7845,112.9067,117.0289
2018-10-05,109.3673,113.0681,116.7689
2018-10-08,110.0197,113.1938,116.3679
2018-10-09,110.6116,113.3310,116.0503
2018-10-10,109.0737,113.0890,117.1044
2018-10-11,107.7857,112.8129,117.8400
2018-10-12,107.4411,112.6538,117.8665
2018-10-15,106.7543,112.3790,118.0038
2018-10-16,106.6699,112.3248,117.9796
2018-10-17,106.5252,112.2057,117.8862
2018-10-18,106.1591,112.0533,117.9476
2018-10-19,105.7963,111.8195,117.8427
2018-10-22,105.6105,111.5990,117.5876
2018-10-23,105.2856,111.2862,117.2868
2018-10-24,103.7747,110.7086,117.6425
2018-10-25,103.5932,110.4381,117.2830
2018-10-26,103.3270,110.0833,116.8397
2018-10-29,102.6149,109.5824,116.5498
2018-10-30,102.1706,109.0167,115.8627
2018-10-31,102.2950,108.6195,114.9441
2018-11-01,102.4835,108.1790,113.8746
2018-11-02,102.4998,107.8633,113.2268
2018-11-05,102.6304,107.6433,112.6563
2018-11-06,102.6898,107.4943,112.2988
2018-11-07,102.7308,107.4800,112.2292
2018-11-08,102.7051,107.7462,112.7873
2018-11-09,102.8923,107.9205,112.9487
2018-11-12,102.8011,107.7919,112.7827
2018-11-13,102.7569,107.7605,112.7640
2018-11-14,102.5550,107.4733,112.3917
2018-11-15,102.6095,107.3100,112.0105
2018-11-16,102.6087,107.3000,111.9913
2018-11-19,102.3248,107.1076,111.8905
2018-11-20,101.5687,106.7305,111.8923
2018-11-21,101.1489,106.4929,111.8368
2018-11-23,101.2876,106.5286,111.7695
2018-11-26,101.2607,106.4414,111.6222
2018-11-27,101.2653,106.4500,111.6347
2018-11-28,101.3861,106.7962,112.2062
2018-11-29,101.6915,107.1038,112.5161
2018-11-30,101.6540,107.2981,112.9422
2018-12-03,101.6318,107.5919,113.5520
2018-12-04,101.7674,107.7043,113.6411
2018-12-06,101.8149,107.7843,113.7537
2018-12-07,101.5445,107.6462,113.7479
2018-12-10,101.6490,107.4381,113.2272
2018-12-11,101.7982,107.2876,112.7771
2018-12-12,101.8098,107.2643,112.7188
2018-12-13,101.8580,107.3871,112.9163
2018-12-14,101.7871,107.3438,112.9005
2018-12-17,101.4532,107.2448,113.0364
2018-12-18,101.1302,107.0871,113.0441
2018-12-19,100.7676,106.8681,112.9686
2018-12-20,100.2675,106.7200,113.1725
2018-12-21,99.4498,106.5543,113.6587
2018-12-24,97.3583,106.1267,114.8950
2018-12-26,97.0099,106.0071,115.0044
2018-12-27,96.5306,105.7552,114.9799
2018-12-28,95.9576,105.4338,114.9100
